2026-05-21 00:12:34.261 +05:30 [INF] Request starting HTTP/1.1 GET http://localhost:5113/Invoices/Upload - null null
2026-05-21 00:12:34.337 +05:30 [INF] Executing endpoint '/Invoices/Upload'
2026-05-21 00:12:34.373 +05:30 [INF] Route matched with {page = "/Invoices/Upload"}. Executing page /Invoices/Upload
2026-05-21 00:12:34.435 +05:30 [INF] Executing an implicit handler method - ModelState is "Valid"
2026-05-21 00:12:34.553 +05:30 [INF] Executed an implicit handler method, returned result Microsoft.AspNetCore.Mvc.RazorPages.PageResult.
2026-05-21 00:12:34.797 +05:30 [INF] Executed page /Invoices/Upload in 362.2722ms
2026-05-21 00:12:34.915 +05:30 [INF] Request starting HTTP/1.1 GET http://localhost:5113/css/site.css?v=__7bmZsIPVsslOgOO9Wd1NJV8Go2QOYeoD-y_vmVNk0 - null null
2026-05-21 00:12:35.505 +05:30 [INF] Executed endpoint '/Invoices/Upload'
2026-05-21 00:12:36.606 +05:30 [INF] The file /css/site.css was not modified
2026-05-21 00:12:36.623 +05:30 [INF] HTTP GET /Invoices/Upload responded 200 in 2286.2751 ms
2026-05-21 00:12:36.694 +05:30 [INF] Request finished HTTP/1.1 GET http://localhost:5113/css/site.css?v=__7bmZsIPVsslOgOO9Wd1NJV8Go2QOYeoD-y_vmVNk0 - 304 null text/css 1778.2998ms
2026-05-21 00:12:36.891 +05:30 [INF] Request finished HTTP/1.1 GET http://localhost:5113/Invoices/Upload - 200 null text/html; charset=utf-8 2629.9545ms
2026-05-21 00:12:39.023 +05:30 [INF] Request starting HTTP/1.1 GET http://localhost:5113/ - null null
2026-05-21 00:12:39.157 +05:30 [INF] Executing endpoint '/Index'
2026-05-21 00:12:39.243 +05:30 [INF] Route matched with {page = "/Index"}. Executing page /Index
2026-05-21 00:12:39.272 +05:30 [INF] Executing handler method InvoiceProcessingWebApp.Pages.IndexModel.OnGet - ModelState is "Valid"
2026-05-21 00:12:39.340 +05:30 [INF] Executed DbCommand (21ms) [Parameters=[], CommandType='"Text"', CommandTimeout='30']
SELECT COUNT(*)
FROM "Invoices" AS "i"
2026-05-21 00:12:39.399 +05:30 [INF] Executed DbCommand (0ms) [Parameters=[], CommandType='"Text"', CommandTimeout='30']
SELECT COUNT(*)
FROM "Invoices" AS "i"
WHERE "i"."Status" = 'Approved'
2026-05-21 00:12:39.444 +05:30 [INF] Executed DbCommand (0ms) [Parameters=[], CommandType='"Text"', CommandTimeout='30']
SELECT COUNT(*)
FROM "Invoices" AS "i"
WHERE "i"."Status" = 'Pending'
2026-05-21 00:12:39.479 +05:30 [INF] Executed DbCommand (0ms) [Parameters=[], CommandType='"Text"', CommandTimeout='30']
SELECT EXISTS (
    SELECT 1
    FROM "Invoices" AS "i")
2026-05-21 00:12:39.528 +05:30 [INF] Executed DbCommand (0ms) [Parameters=[], CommandType='"Text"', CommandTimeout='30']
SELECT COALESCE(ef_sum("i"."Amount"), '0.0')
FROM "Invoices" AS "i"
2026-05-21 00:12:39.569 +05:30 [INF] Executed handler method OnGet, returned result .
2026-05-21 00:12:39.689 +05:30 [INF] Executing an implicit handler method - ModelState is "Valid"
2026-05-21 00:12:39.724 +05:30 [INF] Executed an implicit handler method, returned result Microsoft.AspNetCore.Mvc.RazorPages.PageResult.
2026-05-21 00:12:39.802 +05:30 [INF] Executed page /Index in 531.0601ms
2026-05-21 00:12:40.861 +05:30 [INF] Executed endpoint '/Index'
2026-05-21 00:12:41.075 +05:30 [INF] HTTP GET / responded 200 in 1918.1275 ms
2026-05-21 00:12:41.256 +05:30 [INF] Request finished HTTP/1.1 GET http://localhost:5113/ - 200 null text/html; charset=utf-8 2233.3599ms
2026-05-21 00:13:41.851 +05:30 [INF] Application is shutting down...
2026-05-21 00:47:12.666 +05:30 [INF] Starting Invoxa application
2026-05-21 00:47:15.999 +05:30 [INF] Executed DbCommand (52ms) [Parameters=[], CommandType='"Text"', CommandTimeout='30']
SELECT COUNT(*) FROM "sqlite_master" WHERE "type" = 'table' AND "rootpage" IS NOT NULL;
2026-05-21 00:47:16.492 +05:30 [INF] User profile is available. Using 'C:\Users\saldubey\AppData\Local\ASP.NET\DataProtection-Keys' as key repository and Windows DPAPI to encrypt keys at rest.
2026-05-21 00:47:16.831 +05:30 [INF] Now listening on: http://localhost:5113
2026-05-21 00:47:16.847 +05:30 [INF] Application started. Press Ctrl+C to shut down.
2026-05-21 00:47:16.849 +05:30 [INF] Hosting environment: Development
2026-05-21 00:47:16.851 +05:30 [INF] Content root path: C:\Users\saldubey\InvoiceProcessingWebApp
2026-05-21 00:47:24.230 +05:30 [INF] Request starting HTTP/1.1 GET http://localhost:5113/ - null null
2026-05-21 00:47:24.694 +05:30 [WRN] Failed to determine the https port for redirect.
2026-05-21 00:47:24.892 +05:30 [INF] Executing endpoint '/Index'
2026-05-21 00:47:25.021 +05:30 [INF] Route matched with {page = "/Index"}. Executing page /Index
2026-05-21 00:47:25.050 +05:30 [INF] Executing handler method InvoiceProcessingWebApp.Pages.IndexModel.OnGet - ModelState is "Valid"
2026-05-21 00:47:26.097 +05:30 [INF] Executed DbCommand (1ms) [Parameters=[], CommandType='"Text"', CommandTimeout='30']
SELECT COUNT(*)
FROM "Invoices" AS "i"
2026-05-21 00:47:26.233 +05:30 [INF] Executed DbCommand (0ms) [Parameters=[], CommandType='"Text"', CommandTimeout='30']
SELECT COUNT(*)
FROM "Invoices" AS "i"
WHERE "i"."Status" = 'Approved'
2026-05-21 00:47:26.246 +05:30 [INF] Executed DbCommand (0ms) [Parameters=[], CommandType='"Text"', CommandTimeout='30']
SELECT COUNT(*)
FROM "Invoices" AS "i"
WHERE "i"."Status" = 'Pending'
2026-05-21 00:47:26.272 +05:30 [INF] Executed DbCommand (0ms) [Parameters=[], CommandType='"Text"', CommandTimeout='30']
SELECT EXISTS (
    SELECT 1
    FROM "Invoices" AS "i")
2026-05-21 00:47:26.333 +05:30 [INF] Executed DbCommand (16ms) [Parameters=[], CommandType='"Text"', CommandTimeout='30']
SELECT COALESCE(ef_sum("i"."Amount"), '0.0')
FROM "Invoices" AS "i"
2026-05-21 00:47:26.340 +05:30 [INF] Executed handler method OnGet, returned result .
2026-05-21 00:47:26.351 +05:30 [INF] Executing an implicit handler method - ModelState is "Valid"
2026-05-21 00:47:26.357 +05:30 [INF] Executed an implicit handler method, returned result Microsoft.AspNetCore.Mvc.RazorPages.PageResult.
2026-05-21 00:47:26.639 +05:30 [INF] Executed page /Index in 1607.9253ms
2026-05-21 00:47:26.747 +05:30 [INF] Request starting HTTP/1.1 GET http://localhost:5113/InvoiceProcessingWebApp.styles.css?v=OPAW41vW5MFHbVTYwiRiC5cgKNfoykRajeEUVpM0ahs - null null
2026-05-21 00:47:26.935 +05:30 [INF] Executed endpoint '/Index'
2026-05-21 00:47:27.073 +05:30 [INF] The file /InvoiceProcessingWebApp.styles.css was not modified
2026-05-21 00:47:27.114 +05:30 [INF] HTTP GET / responded 200 in 2223.0514 ms
2026-05-21 00:47:27.159 +05:30 [INF] Request finished HTTP/1.1 GET http://localhost:5113/InvoiceProcessingWebApp.styles.css?v=OPAW41vW5MFHbVTYwiRiC5cgKNfoykRajeEUVpM0ahs - 304 null text/css 380.2103ms
2026-05-21 00:47:27.329 +05:30 [INF] Request finished HTTP/1.1 GET http://localhost:5113/ - 200 null text/html; charset=utf-8 3115.3044ms
2026-05-21 00:47:36.605 +05:30 [INF] Request starting HTTP/1.1 GET http://localhost:5113/Invoices/Index - null null
2026-05-21 00:47:36.639 +05:30 [INF] Executing endpoint '/Invoices/Index'
2026-05-21 00:47:36.775 +05:30 [INF] Route matched with {page = "/Invoices/Index"}. Executing page /Invoices/Index
2026-05-21 00:47:36.799 +05:30 [INF] Executing handler method InvoiceProcessingWebApp.Pages.Invoices.IndexModel.OnGet - ModelState is "Valid"
2026-05-21 00:47:36.970 +05:30 [INF] Executed DbCommand (0ms) [Parameters=[], CommandType='"Text"', CommandTimeout='30']
SELECT COUNT(*)
FROM "Invoices" AS "i"
2026-05-21 00:47:37.141 +05:30 [INF] Executed DbCommand (4ms) [Parameters=[@p1='?' (DbType = Int32), @p='?' (DbType = Int32)], CommandType='"Text"', CommandTimeout='30']
SELECT "i"."Id", "i"."Amount", "i"."InvoiceDate", "i"."InvoiceNumber", "i"."PurchaseOrderNumber", "i"."Status", "i"."VendorName"
FROM "Invoices" AS "i"
ORDER BY "i"."InvoiceDate" DESC
LIMIT @p1 OFFSET @p
2026-05-21 00:47:37.265 +05:30 [INF] Executed handler method OnGet, returned result .
2026-05-21 00:47:37.270 +05:30 [INF] Executing an implicit handler method - ModelState is "Valid"
2026-05-21 00:47:37.273 +05:30 [INF] Executed an implicit handler method, returned result Microsoft.AspNetCore.Mvc.RazorPages.PageResult.
2026-05-21 00:47:37.344 +05:30 [INF] Executed page /Invoices/Index in 567.0615ms
2026-05-21 00:47:37.347 +05:30 [INF] Executed endpoint '/Invoices/Index'
2026-05-21 00:47:37.352 +05:30 [INF] HTTP GET /Invoices/Index responded 200 in 713.2525 ms
2026-05-21 00:47:37.361 +05:30 [INF] Request finished HTTP/1.1 GET http://localhost:5113/Invoices/Index - 200 null text/html; charset=utf-8 755.4899ms
2026-05-21 00:47:38.361 +05:30 [INF] Request starting HTTP/1.1 GET http://localhost:5113/Invoices/Upload - null null
2026-05-21 00:47:38.382 +05:30 [INF] Executing endpoint '/Invoices/Upload'
2026-05-21 00:47:38.402 +05:30 [INF] Route matched with {page = "/Invoices/Upload"}. Executing page /Invoices/Upload
2026-05-21 00:47:38.404 +05:30 [INF] Executing an implicit handler method - ModelState is "Valid"
2026-05-21 00:47:38.406 +05:30 [INF] Executed an implicit handler method, returned result Microsoft.AspNetCore.Mvc.RazorPages.PageResult.
2026-05-21 00:47:38.425 +05:30 [INF] Executed page /Invoices/Upload in 21.7548ms
2026-05-21 00:47:38.428 +05:30 [INF] Executed endpoint '/Invoices/Upload'
2026-05-21 00:47:38.431 +05:30 [INF] HTTP GET /Invoices/Upload responded 200 in 48.5419 ms
2026-05-21 00:47:38.440 +05:30 [INF] Request finished HTTP/1.1 GET http://localhost:5113/Invoices/Upload - 200 null text/html; charset=utf-8 79.1229ms
2026-05-21 00:47:43.683 +05:30 [INF] Request starting HTTP/1.1 GET http://localhost:5113/Invoices/Create - null null
2026-05-21 00:47:43.689 +05:30 [INF] Executing endpoint '/Invoices/Create'
2026-05-21 00:47:43.743 +05:30 [INF] Route matched with {page = "/Invoices/Create"}. Executing page /Invoices/Create
2026-05-21 00:47:43.764 +05:30 [INF] Executing handler method InvoiceProcessingWebApp.Pages.Invoices.CreateModel.OnGet - ModelState is "Valid"
2026-05-21 00:47:43.778 +05:30 [INF] Executed handler method OnGet, returned result .
2026-05-21 00:47:43.786 +05:30 [INF] Executing an implicit handler method - ModelState is "Valid"
2026-05-21 00:47:43.791 +05:30 [INF] Executed an implicit handler method, returned result Microsoft.AspNetCore.Mvc.RazorPages.PageResult.
2026-05-21 00:47:43.960 +05:30 [INF] Executed page /Invoices/Create in 199.842ms
2026-05-21 00:47:43.965 +05:30 [INF] Executed endpoint '/Invoices/Create'
2026-05-21 00:47:44.126 +05:30 [INF] HTTP GET /Invoices/Create responded 200 in 436.7267 ms
2026-05-21 00:47:44.221 +05:30 [INF] Request finished HTTP/1.1 GET http://localhost:5113/Invoices/Create - 200 null text/html; charset=utf-8 537.844ms
2026-05-21 00:48:44.580 +05:30 [INF] Request starting HTTP/1.1 GET http://localhost:5113/ - null null
2026-05-21 00:48:44.644 +05:30 [INF] Executing endpoint '/Index'
2026-05-21 00:48:44.654 +05:30 [INF] Route matched with {page = "/Index"}. Executing page /Index
2026-05-21 00:48:44.660 +05:30 [INF] Executing handler method InvoiceProcessingWebApp.Pages.IndexModel.OnGet - ModelState is "Valid"
2026-05-21 00:48:44.667 +05:30 [INF] Executed DbCommand (0ms) [Parameters=[], CommandType='"Text"', CommandTimeout='30']
SELECT COUNT(*)
FROM "Invoices" AS "i"
2026-05-21 00:48:44.678 +05:30 [INF] Executed DbCommand (0ms) [Parameters=[], CommandType='"Text"', CommandTimeout='30']
SELECT COUNT(*)
FROM "Invoices" AS "i"
WHERE "i"."Status" = 'Approved'
2026-05-21 00:48:44.682 +05:30 [INF] Executed DbCommand (0ms) [Parameters=[], CommandType='"Text"', CommandTimeout='30']
SELECT COUNT(*)
FROM "Invoices" AS "i"
WHERE "i"."Status" = 'Pending'
2026-05-21 00:48:44.686 +05:30 [INF] Executed DbCommand (0ms) [Parameters=[], CommandType='"Text"', CommandTimeout='30']
SELECT EXISTS (
    SELECT 1
    FROM "Invoices" AS "i")
2026-05-21 00:48:44.693 +05:30 [INF] Executed DbCommand (0ms) [Parameters=[], CommandType='"Text"', CommandTimeout='30']
SELECT COALESCE(ef_sum("i"."Amount"), '0.0')
FROM "Invoices" AS "i"
2026-05-21 00:48:44.697 +05:30 [INF] Executed handler method OnGet, returned result .
2026-05-21 00:48:44.699 +05:30 [INF] Executing an implicit handler method - ModelState is "Valid"
2026-05-21 00:48:44.700 +05:30 [INF] Executed an implicit handler method, returned result Microsoft.AspNetCore.Mvc.RazorPages.PageResult.
2026-05-21 00:48:44.706 +05:30 [INF] Executed page /Index in 45.7026ms
2026-05-21 00:48:44.718 +05:30 [INF] Executed endpoint '/Index'
2026-05-21 00:48:44.730 +05:30 [INF] HTTP GET / responded 200 in 85.5437 ms
2026-05-21 00:48:44.737 +05:30 [INF] Request finished HTTP/1.1 GET http://localhost:5113/ - 200 null text/html; charset=utf-8 156.8804ms
2026-05-21 00:48:49.210 +05:30 [INF] Request starting HTTP/1.1 GET http://localhost:5113/Privacy - null null
2026-05-21 00:48:49.216 +05:30 [INF] Executing endpoint '/Privacy'
2026-05-21 00:48:49.244 +05:30 [INF] Route matched with {page = "/Privacy"}. Executing page /Privacy
2026-05-21 00:48:49.247 +05:30 [INF] Executing handler method InvoiceProcessingWebApp.Pages.PrivacyModel.OnGet - ModelState is "Valid"
2026-05-21 00:48:49.250 +05:30 [INF] Executed handler method OnGet, returned result .
2026-05-21 00:48:49.252 +05:30 [INF] Executing an implicit handler method - ModelState is "Valid"
2026-05-21 00:48:49.254 +05:30 [INF] Executed an implicit handler method, returned result Microsoft.AspNetCore.Mvc.RazorPages.PageResult.
2026-05-21 00:48:49.266 +05:30 [INF] Executed page /Privacy in 19.5066ms
2026-05-21 00:48:49.268 +05:30 [INF] Executed endpoint '/Privacy'
2026-05-21 00:48:49.270 +05:30 [INF] HTTP GET /Privacy responded 200 in 54.0988 ms
2026-05-21 00:48:49.279 +05:30 [INF] Request finished HTTP/1.1 GET http://localhost:5113/Privacy - 200 null text/html; charset=utf-8 69.6057ms
2026-05-21 00:48:56.362 +05:30 [INF] Request starting HTTP/1.1 GET http://localhost:5113/ - null null
2026-05-21 00:48:56.399 +05:30 [INF] Executing endpoint '/Index'
2026-05-21 00:48:56.403 +05:30 [INF] Route matched with {page = "/Index"}. Executing page /Index
2026-05-21 00:48:56.428 +05:30 [INF] Executing handler method InvoiceProcessingWebApp.Pages.IndexModel.OnGet - ModelState is "Valid"
2026-05-21 00:48:56.431 +05:30 [INF] Executed DbCommand (0ms) [Parameters=[], CommandType='"Text"', CommandTimeout='30']
SELECT COUNT(*)
FROM "Invoices" AS "i"
2026-05-21 00:48:56.436 +05:30 [INF] Executed DbCommand (0ms) [Parameters=[], CommandType='"Text"', CommandTimeout='30']
SELECT COUNT(*)
FROM "Invoices" AS "i"
WHERE "i"."Status" = 'Approved'
2026-05-21 00:48:56.446 +05:30 [INF] Executed DbCommand (0ms) [Parameters=[], CommandType='"Text"', CommandTimeout='30']
SELECT COUNT(*)
FROM "Invoices" AS "i"
WHERE "i"."Status" = 'Pending'
2026-05-21 00:48:56.453 +05:30 [INF] Executed DbCommand (0ms) [Parameters=[], CommandType='"Text"', CommandTimeout='30']
SELECT EXISTS (
    SELECT 1
    FROM "Invoices" AS "i")
2026-05-21 00:48:56.486 +05:30 [INF] Executed DbCommand (0ms) [Parameters=[], CommandType='"Text"', CommandTimeout='30']
SELECT COALESCE(ef_sum("i"."Amount"), '0.0')
FROM "Invoices" AS "i"
2026-05-21 00:48:56.498 +05:30 [INF] Executed handler method OnGet, returned result .
2026-05-21 00:48:56.501 +05:30 [INF] Executing an implicit handler method - ModelState is "Valid"
2026-05-21 00:48:56.509 +05:30 [INF] Executed an implicit handler method, returned result Microsoft.AspNetCore.Mvc.RazorPages.PageResult.
2026-05-21 00:48:56.513 +05:30 [INF] Executed page /Index in 86.1615ms
2026-05-21 00:48:56.518 +05:30 [INF] Executed endpoint '/Index'
2026-05-21 00:48:56.529 +05:30 [INF] HTTP GET / responded 200 in 130.0392 ms
2026-05-21 00:48:56.546 +05:30 [INF] Request finished HTTP/1.1 GET http://localhost:5113/ - 200 null text/html; charset=utf-8 183.0808ms
2026-05-21 00:49:21.579 +05:30 [INF] Application is shutting down...
2026-05-21 00:50:35.485 +05:30 [INF] Starting Invoxa application
2026-05-21 00:50:38.401 +05:30 [INF] Executed DbCommand (22ms) [Parameters=[], CommandType='"Text"', CommandTimeout='30']
SELECT COUNT(*) FROM "sqlite_master" WHERE "type" = 'table' AND "rootpage" IS NOT NULL;
2026-05-21 00:50:38.529 +05:30 [INF] User profile is available. Using 'C:\Users\saldubey\AppData\Local\ASP.NET\DataProtection-Keys' as key repository and Windows DPAPI to encrypt keys at rest.
2026-05-21 00:50:38.730 +05:30 [INF] Now listening on: http://localhost:5113
2026-05-21 00:50:38.737 +05:30 [INF] Application started. Press Ctrl+C to shut down.
2026-05-21 00:50:38.743 +05:30 [INF] Hosting environment: Development
2026-05-21 00:50:38.760 +05:30 [INF] Content root path: C:\Users\saldubey\InvoiceProcessingWebApp
2026-05-21 00:50:43.998 +05:30 [INF] Request starting HTTP/1.1 GET http://localhost:5113/ - null null
2026-05-21 00:50:44.133 +05:30 [WRN] Failed to determine the https port for redirect.
2026-05-21 00:50:44.260 +05:30 [INF] Executing endpoint '/Index'
2026-05-21 00:50:44.323 +05:30 [INF] Route matched with {page = "/Index"}. Executing page /Index
2026-05-21 00:50:44.359 +05:30 [INF] Executing handler method InvoiceProcessingWebApp.Pages.IndexModel.OnGet - ModelState is "Valid"
2026-05-21 00:50:45.319 +05:30 [INF] Executed DbCommand (2ms) [Parameters=[], CommandType='"Text"', CommandTimeout='30']
SELECT COUNT(*)
FROM "Invoices" AS "i"
2026-05-21 00:50:45.385 +05:30 [INF] Executed DbCommand (0ms) [Parameters=[], CommandType='"Text"', CommandTimeout='30']
SELECT COUNT(*)
FROM "Invoices" AS "i"
WHERE "i"."Status" = 'Approved'
2026-05-21 00:50:45.393 +05:30 [INF] Executed DbCommand (0ms) [Parameters=[], CommandType='"Text"', CommandTimeout='30']
SELECT COUNT(*)
FROM "Invoices" AS "i"
WHERE "i"."Status" = 'Pending'
2026-05-21 00:50:45.416 +05:30 [INF] Executed DbCommand (0ms) [Parameters=[], CommandType='"Text"', CommandTimeout='30']
SELECT EXISTS (
    SELECT 1
    FROM "Invoices" AS "i")
2026-05-21 00:50:45.456 +05:30 [INF] Executed DbCommand (13ms) [Parameters=[], CommandType='"Text"', CommandTimeout='30']
SELECT COALESCE(ef_sum("i"."Amount"), '0.0')
FROM "Invoices" AS "i"
2026-05-21 00:50:45.463 +05:30 [INF] Executed handler method OnGet, returned result .
2026-05-21 00:50:45.473 +05:30 [INF] Executing an implicit handler method - ModelState is "Valid"
2026-05-21 00:50:45.476 +05:30 [INF] Executed an implicit handler method, returned result Microsoft.AspNetCore.Mvc.RazorPages.PageResult.
2026-05-21 00:50:45.640 +05:30 [INF] Executed page /Index in 1306.2668ms
2026-05-21 00:50:45.644 +05:30 [INF] Executed endpoint '/Index'
2026-05-21 00:50:45.654 +05:30 [INF] HTTP GET / responded 200 in 1398.3073 ms
2026-05-21 00:50:45.679 +05:30 [INF] Request finished HTTP/1.1 GET http://localhost:5113/ - 200 null text/html; charset=utf-8 1688.4037ms
2026-05-21 00:51:06.190 +05:30 [INF] Request starting HTTP/1.1 GET http://localhost:5113/Chat - null null
2026-05-21 00:51:06.206 +05:30 [INF] Executing endpoint '/Chat'
2026-05-21 00:51:06.258 +05:30 [INF] Route matched with {page = "/Chat"}. Executing page /Chat
2026-05-21 00:51:06.273 +05:30 [INF] Executing handler method InvoiceProcessingWebApp.Pages.ChatModel.OnGet - ModelState is "Valid"
2026-05-21 00:51:06.277 +05:30 [INF] Executed handler method OnGet, returned result .
2026-05-21 00:51:06.280 +05:30 [INF] Executing an implicit handler method - ModelState is "Valid"
2026-05-21 00:51:06.281 +05:30 [INF] Executed an implicit handler method, returned result Microsoft.AspNetCore.Mvc.RazorPages.PageResult.
2026-05-21 00:51:06.311 +05:30 [INF] Executed page /Chat in 50.2275ms
2026-05-21 00:51:06.315 +05:30 [INF] Executed endpoint '/Chat'
2026-05-21 00:51:06.317 +05:30 [INF] HTTP GET /Chat responded 200 in 111.2092 ms
2026-05-21 00:51:06.332 +05:30 [INF] Request finished HTTP/1.1 GET http://localhost:5113/Chat - 200 null text/html; charset=utf-8 141.4558ms
2026-05-21 00:52:32.994 +05:30 [INF] Application is shutting down...
2026-05-21 11:25:37.300 +05:30 [INF] Starting Invoxa application
2026-05-21 11:25:39.849 +05:30 [INF] Executed DbCommand (30ms) [Parameters=[], CommandType='"Text"', CommandTimeout='30']
SELECT COUNT(*) FROM "sqlite_master" WHERE "type" = 'table' AND "rootpage" IS NOT NULL;
2026-05-21 11:25:40.022 +05:30 [INF] User profile is available. Using 'C:\Users\saldubey\AppData\Local\ASP.NET\DataProtection-Keys' as key repository and Windows DPAPI to encrypt keys at rest.
2026-05-21 11:25:40.280 +05:30 [INF] Now listening on: http://localhost:5113
2026-05-21 11:25:40.286 +05:30 [INF] Application started. Press Ctrl+C to shut down.
2026-05-21 11:25:40.291 +05:30 [INF] Hosting environment: Development
2026-05-21 11:25:40.293 +05:30 [INF] Content root path: C:\Users\saldubey\InvoiceProcessingWebApp
2026-05-21 11:25:55.428 +05:30 [INF] Request starting HTTP/1.1 GET http://localhost:5113/ - null null
2026-05-21 11:25:55.446 +05:30 [WRN] Failed to determine the https port for redirect.
2026-05-21 11:25:55.519 +05:30 [INF] Executing endpoint '/Index'
2026-05-21 11:25:55.575 +05:30 [INF] Route matched with {page = "/Index"}. Executing page /Index
2026-05-21 11:25:55.595 +05:30 [INF] Executing handler method InvoiceProcessingWebApp.Pages.IndexModel.OnGet - ModelState is "Valid"
2026-05-21 11:25:56.093 +05:30 [INF] Executed DbCommand (1ms) [Parameters=[], CommandType='"Text"', CommandTimeout='30']
SELECT COUNT(*)
FROM "Invoices" AS "i"
2026-05-21 11:25:56.174 +05:30 [INF] Executed DbCommand (0ms) [Parameters=[], CommandType='"Text"', CommandTimeout='30']
SELECT COUNT(*)
FROM "Invoices" AS "i"
WHERE "i"."Status" = 'Approved'
2026-05-21 11:25:56.184 +05:30 [INF] Executed DbCommand (0ms) [Parameters=[], CommandType='"Text"', CommandTimeout='30']
SELECT COUNT(*)
FROM "Invoices" AS "i"
WHERE "i"."Status" = 'Pending'
2026-05-21 11:25:56.208 +05:30 [INF] Executed DbCommand (0ms) [Parameters=[], CommandType='"Text"', CommandTimeout='30']
SELECT EXISTS (
    SELECT 1
    FROM "Invoices" AS "i")
2026-05-21 11:25:56.247 +05:30 [INF] Executed DbCommand (13ms) [Parameters=[], CommandType='"Text"', CommandTimeout='30']
SELECT COALESCE(ef_sum("i"."Amount"), '0.0')
FROM "Invoices" AS "i"
2026-05-21 11:25:56.256 +05:30 [INF] Executed handler method OnGet, returned result .
2026-05-21 11:25:56.263 +05:30 [INF] Executing an implicit handler method - ModelState is "Valid"
2026-05-21 11:25:56.266 +05:30 [INF] Executed an implicit handler method, returned result Microsoft.AspNetCore.Mvc.RazorPages.PageResult.
2026-05-21 11:25:56.433 +05:30 [INF] Executed page /Index in 850.0047ms
2026-05-21 11:25:56.436 +05:30 [INF] Executed endpoint '/Index'
2026-05-21 11:25:56.445 +05:30 [INF] HTTP GET / responded 200 in 924.9039 ms
2026-05-21 11:25:56.480 +05:30 [INF] Request finished HTTP/1.1 GET http://localhost:5113/ - 200 null text/html; charset=utf-8 1057.3393ms
2026-05-21 11:25:56.486 +05:30 [INF] Request starting HTTP/1.1 GET http://localhost:5113/css/site.css?v=__7bmZsIPVsslOgOO9Wd1NJV8Go2QOYeoD-y_vmVNk0 - null null
2026-05-21 11:25:56.486 +05:30 [INF] Request starting HTTP/1.1 GET http://localhost:5113/InvoiceProcessingWebApp.styles.css?v=OPAW41vW5MFHbVTYwiRiC5cgKNfoykRajeEUVpM0ahs - null null
2026-05-21 11:25:56.493 +05:30 [INF] Request starting HTTP/1.1 GET http://localhost:5113/lib/jquery/dist/jquery.min.js - null null
2026-05-21 11:25:56.495 +05:30 [INF] Request starting HTTP/1.1 GET http://localhost:5113/lib/bootstrap/dist/js/bootstrap.bundle.min.js - null null
2026-05-21 11:25:56.495 +05:30 [INF] Request starting HTTP/1.1 GET http://localhost:5113/js/site.js?v=hRQyftXiu1lLX2P9Ly9xa4gHJgLeR1uGN5qegUobtGo - null null
2026-05-21 11:25:56.506 +05:30 [INF] Request starting HTTP/1.1 GET http://localhost:5113/lib/bootstrap/dist/css/bootstrap.min.css - null null
2026-05-21 11:25:56.547 +05:30 [INF] The file /css/site.css was not modified
2026-05-21 11:25:56.547 +05:30 [INF] The file /InvoiceProcessingWebApp.styles.css was not modified
2026-05-21 11:25:56.552 +05:30 [INF] The file /lib/jquery/dist/jquery.min.js was not modified
2026-05-21 11:25:56.558 +05:30 [INF] The file /lib/bootstrap/dist/js/bootstrap.bundle.min.js was not modified
2026-05-21 11:25:56.571 +05:30 [INF] The file /js/site.js was not modified
2026-05-21 11:25:56.582 +05:30 [INF] The file /lib/bootstrap/dist/css/bootstrap.min.css was not modified
2026-05-21 11:25:56.585 +05:30 [INF] Request finished HTTP/1.1 GET http://localhost:5113/css/site.css?v=__7bmZsIPVsslOgOO9Wd1NJV8Go2QOYeoD-y_vmVNk0 - 304 null text/css 98.7633ms
2026-05-21 11:25:56.586 +05:30 [INF] Request finished HTTP/1.1 GET http://localhost:5113/InvoiceProcessingWebApp.styles.css?v=OPAW41vW5MFHbVTYwiRiC5cgKNfoykRajeEUVpM0ahs - 304 null text/css 99.9631ms
2026-05-21 11:25:56.588 +05:30 [INF] Request finished HTTP/1.1 GET http://localhost:5113/lib/jquery/dist/jquery.min.js - 304 null text/javascript 94.5224ms
2026-05-21 11:25:56.599 +05:30 [INF] Request finished HTTP/1.1 GET http://localhost:5113/lib/bootstrap/dist/js/bootstrap.bundle.min.js - 304 null text/javascript 104.181ms
2026-05-21 11:25:56.608 +05:30 [INF] Request finished HTTP/1.1 GET http://localhost:5113/js/site.js?v=hRQyftXiu1lLX2P9Ly9xa4gHJgLeR1uGN5qegUobtGo - 304 null text/javascript 112.5264ms
2026-05-21 11:25:56.612 +05:30 [INF] Request finished HTTP/1.1 GET http://localhost:5113/lib/bootstrap/dist/css/bootstrap.min.css - 304 null text/css 105.3682ms
2026-05-21 11:25:56.808 +05:30 [INF] Request starting HTTP/1.1 GET http://localhost:5113/favicon.ico - null null
2026-05-21 11:25:56.839 +05:30 [INF] The file /favicon.ico was not modified
2026-05-21 11:25:56.842 +05:30 [INF] Request finished HTTP/1.1 GET http://localhost:5113/favicon.ico - 304 null image/x-icon 33.2281ms
2026-05-21 11:26:00.613 +05:30 [INF] Request starting HTTP/1.1 GET http://localhost:5113/Chat - null null
2026-05-21 11:26:00.655 +05:30 [INF] Authorization failed. These requirements were not met:
DenyAnonymousAuthorizationRequirement: Requires an authenticated user.
2026-05-21 11:26:00.667 +05:30 [INF] AuthenticationScheme: Identity.Application was challenged.
2026-05-21 11:26:00.671 +05:30 [INF] Request finished HTTP/1.1 GET http://localhost:5113/Chat - 302 0 null 57.1802ms
2026-05-21 11:26:00.689 +05:30 [INF] Request starting HTTP/1.1 GET http://localhost:5113/Account/Login?ReturnUrl=%2FChat - null null
2026-05-21 11:26:00.704 +05:30 [INF] Executing endpoint '/Account/Login'
2026-05-21 11:26:00.742 +05:30 [INF] Route matched with {page = "/Account/Login"}. Executing page /Account/Login
2026-05-21 11:26:00.785 +05:30 [INF] Executing handler method InvoiceProcessingWebApp.Pages.Account.LoginModel.OnGet - ModelState is "Valid"
2026-05-21 11:26:00.788 +05:30 [INF] Executed handler method OnGet, returned result .
2026-05-21 11:26:00.792 +05:30 [INF] Executing an implicit handler method - ModelState is "Valid"
2026-05-21 11:26:00.794 +05:30 [INF] Executed an implicit handler method, returned result Microsoft.AspNetCore.Mvc.RazorPages.PageResult.
2026-05-21 11:26:00.921 +05:30 [INF] Executed page /Account/Login in 176.1309ms
2026-05-21 11:26:00.924 +05:30 [INF] Executed endpoint '/Account/Login'
2026-05-21 11:26:00.926 +05:30 [INF] HTTP GET /Account/Login responded 200 in 222.3747 ms
2026-05-21 11:26:00.946 +05:30 [INF] Request finished HTTP/1.1 GET http://localhost:5113/Account/Login?ReturnUrl=%2FChat - 200 null text/html; charset=utf-8 256.6388ms
2026-05-21 11:26:00.991 +05:30 [INF] Request starting HTTP/1.1 GET http://localhost:5113/lib/jquery-validation-unobtrusive/dist/jquery.validate.unobtrusive.min.js - null null
2026-05-21 11:26:01.017 +05:30 [INF] Request starting HTTP/1.1 GET http://localhost:5113/lib/jquery-validation/dist/jquery.validate.min.js - null null
2026-05-21 11:26:01.029 +05:30 [INF] The file /lib/jquery-validation-unobtrusive/dist/jquery.validate.unobtrusive.min.js was not modified
2026-05-21 11:26:01.041 +05:30 [INF] The file /lib/jquery-validation/dist/jquery.validate.min.js was not modified
2026-05-21 11:26:01.067 +05:30 [INF] Request finished HTTP/1.1 GET http://localhost:5113/lib/jquery-validation-unobtrusive/dist/jquery.validate.unobtrusive.min.js - 304 null text/javascript 75.2943ms
2026-05-21 11:26:01.073 +05:30 [INF] Request finished HTTP/1.1 GET http://localhost:5113/lib/jquery-validation/dist/jquery.validate.min.js - 304 null text/javascript 56.6284ms
2026-05-21 11:26:11.341 +05:30 [INF] Request starting HTTP/1.1 POST http://localhost:5113/Account/Login?ReturnUrl=%2FChat - application/x-www-form-urlencoded 265
2026-05-21 11:26:11.349 +05:30 [INF] Executing endpoint '/Account/Login'
2026-05-21 11:26:11.351 +05:30 [INF] Route matched with {page = "/Account/Login"}. Executing page /Account/Login
2026-05-21 11:26:11.405 +05:30 [INF] Executing handler method InvoiceProcessingWebApp.Pages.Account.LoginModel.OnPostAsync - ModelState is "Valid"
2026-05-21 11:26:11.710 +05:30 [ERR] Failed executing DbCommand (12ms) [Parameters=[@normalizedUserName='?' (Size = 23)], CommandType='"Text"', CommandTimeout='30']
SELECT "a"."Id", "a"."AccessFailedCount", "a"."ConcurrencyStamp", "a"."Email", "a"."EmailConfirmed", "a"."LockoutEnabled", "a"."LockoutEnd", "a"."NormalizedEmail", "a"."NormalizedUserName", "a"."PasswordHash", "a"."PhoneNumber", "a"."PhoneNumberConfirmed", "a"."SecurityStamp", "a"."TwoFactorEnabled", "a"."UserName"
FROM "AspNetUsers" AS "a"
WHERE "a"."NormalizedUserName" = @normalizedUserName
LIMIT 1
2026-05-21 11:26:11.758 +05:30 [ERR] An exception occurred while iterating over the results of a query for context type 'InvoiceProcessingWebApp.Data.AppDbContext'.
Microsoft.Data.Sqlite.SqliteException (0x80004005): SQLite Error 1: 'no such table: AspNetUsers'.
   at Microsoft.Data.Sqlite.SqliteException.ThrowExceptionForRC(Int32 rc, sqlite3 db)
   at Microsoft.Data.Sqlite.SqliteCommand.PrepareAndEnumerateStatements()+MoveNext()
   at Microsoft.Data.Sqlite.SqliteCommand.GetStatements()+MoveNext()
   at Microsoft.Data.Sqlite.SqliteDataReader.NextResult()
   at Microsoft.Data.Sqlite.SqliteCommand.ExecuteReader(CommandBehavior behavior)
   at Microsoft.Data.Sqlite.SqliteCommand.ExecuteReaderAsync(CommandBehavior behavior, CancellationToken cancellationToken)
   at Microsoft.Data.Sqlite.SqliteCommand.ExecuteDbDataReaderAsync(CommandBehavior behavior, CancellationToken cancellationToken)
   at Microsoft.EntityFrameworkCore.Storage.RelationalCommand.ExecuteReaderAsync(RelationalCommandParameterObject parameterObject, CancellationToken cancellationToken)
   at Microsoft.EntityFrameworkCore.Storage.RelationalCommand.ExecuteReaderAsync(RelationalCommandParameterObject parameterObject, CancellationToken cancellationToken)
   at Microsoft.EntityFrameworkCore.Query.Internal.SingleQueryingEnumerable`1.AsyncEnumerator.InitializeReaderAsync(AsyncEnumerator enumerator, CancellationToken cancellationToken)
   at Microsoft.EntityFrameworkCore.Query.Internal.SingleQueryingEnumerable`1.AsyncEnumerator.MoveNextAsync()
Microsoft.Data.Sqlite.SqliteException (0x80004005): SQLite Error 1: 'no such table: AspNetUsers'.
   at Microsoft.Data.Sqlite.SqliteException.ThrowExceptionForRC(Int32 rc, sqlite3 db)
   at Microsoft.Data.Sqlite.SqliteCommand.PrepareAndEnumerateStatements()+MoveNext()
   at Microsoft.Data.Sqlite.SqliteCommand.GetStatements()+MoveNext()
   at Microsoft.Data.Sqlite.SqliteDataReader.NextResult()
   at Microsoft.Data.Sqlite.SqliteCommand.ExecuteReader(CommandBehavior behavior)
   at Microsoft.Data.Sqlite.SqliteCommand.ExecuteReaderAsync(CommandBehavior behavior, CancellationToken cancellationToken)
   at Microsoft.Data.Sqlite.SqliteCommand.ExecuteDbDataReaderAsync(CommandBehavior behavior, CancellationToken cancellationToken)
   at Microsoft.EntityFrameworkCore.Storage.RelationalCommand.ExecuteReaderAsync(RelationalCommandParameterObject parameterObject, CancellationToken cancellationToken)
   at Microsoft.EntityFrameworkCore.Storage.RelationalCommand.ExecuteReaderAsync(RelationalCommandParameterObject parameterObject, CancellationToken cancellationToken)
   at Microsoft.EntityFrameworkCore.Query.Internal.SingleQueryingEnumerable`1.AsyncEnumerator.InitializeReaderAsync(AsyncEnumerator enumerator, CancellationToken cancellationToken)
   at Microsoft.EntityFrameworkCore.Query.Internal.SingleQueryingEnumerable`1.AsyncEnumerator.MoveNextAsync()
2026-05-21 11:26:11.770 +05:30 [INF] Executed page /Account/Login in 417.5713ms
2026-05-21 11:26:11.773 +05:30 [INF] Executed endpoint '/Account/Login'
2026-05-21 11:26:11.775 +05:30 [ERR] HTTP POST /Account/Login responded 500 in 426.4767 ms
Microsoft.Data.Sqlite.SqliteException (0x80004005): SQLite Error 1: 'no such table: AspNetUsers'.
   at Microsoft.Data.Sqlite.SqliteException.ThrowExceptionForRC(Int32 rc, sqlite3 db)
   at Microsoft.Data.Sqlite.SqliteCommand.PrepareAndEnumerateStatements()+MoveNext()
   at Microsoft.Data.Sqlite.SqliteCommand.GetStatements()+MoveNext()
   at Microsoft.Data.Sqlite.SqliteDataReader.NextResult()
   at Microsoft.Data.Sqlite.SqliteCommand.ExecuteReader(CommandBehavior behavior)
   at Microsoft.Data.Sqlite.SqliteCommand.ExecuteReaderAsync(CommandBehavior behavior, CancellationToken cancellationToken)
   at Microsoft.Data.Sqlite.SqliteCommand.ExecuteDbDataReaderAsync(CommandBehavior behavior, CancellationToken cancellationToken)
   at Microsoft.EntityFrameworkCore.Storage.RelationalCommand.ExecuteReaderAsync(RelationalCommandParameterObject parameterObject, CancellationToken cancellationToken)
   at Microsoft.EntityFrameworkCore.Storage.RelationalCommand.ExecuteReaderAsync(RelationalCommandParameterObject parameterObject, CancellationToken cancellationToken)
   at Microsoft.EntityFrameworkCore.Query.Internal.SingleQueryingEnumerable`1.AsyncEnumerator.InitializeReaderAsync(AsyncEnumerator enumerator, CancellationToken cancellationToken)
   at Microsoft.EntityFrameworkCore.Query.Internal.SingleQueryingEnumerable`1.AsyncEnumerator.MoveNextAsync()
   at Microsoft.EntityFrameworkCore.Query.ShapedQueryCompilingExpressionVisitor.SingleOrDefaultAsync[TSource](IAsyncEnumerable`1 asyncEnumerable, CancellationToken cancellationToken)
   at Microsoft.EntityFrameworkCore.Query.ShapedQueryCompilingExpressionVisitor.SingleOrDefaultAsync[TSource](IAsyncEnumerable`1 asyncEnumerable, CancellationToken cancellationToken)
   at Microsoft.AspNetCore.Identity.UserManager`1.FindByNameAsync(String userName)
   at Microsoft.AspNetCore.Identity.SignInManager`1.PasswordSignInAsync(String userName, String password, Boolean isPersistent, Boolean lockoutOnFailure)
   at InvoiceProcessingWebApp.Pages.Account.LoginModel.OnPostAsync(String returnUrl) in C:\Users\saldubey\InvoiceProcessingWebApp\Pages\Account\Login.cshtml.cs:line 46
   at Microsoft.AspNetCore.Mvc.RazorPages.Infrastructure.ExecutorFactory.GenericTaskHandlerMethod.Convert[T](Object taskAsObject)
   at Microsoft.AspNetCore.Mvc.RazorPages.Infrastructure.ExecutorFactory.GenericTaskHandlerMethod.Execute(Object receiver, Object[] arguments)
   at Microsoft.AspNetCore.Mvc.RazorPages.Infrastructure.PageActionInvoker.InvokeHandlerMethodAsync()
   at Microsoft.AspNetCore.Mvc.RazorPages.Infrastructure.PageActionInvoker.InvokeNextPageFilterAsync()
   at Microsoft.AspNetCore.Mvc.RazorPages.Infrastructure.PageActionInvoker.Rethrow(PageHandlerExecutedContext context)
   at Microsoft.AspNetCore.Mvc.RazorPages.Infrastructure.PageActionInvoker.Next(State& next, Scope& scope, Object& state, Boolean& isCompleted)
   at Microsoft.AspNetCore.Mvc.RazorPages.Infrastructure.PageActionInvoker.InvokeInnerFilterAsync()
   at Microsoft.AspNetCore.Mvc.Infrastructure.ResourceInvoker.<InvokeNextResourceFilter>g__Awaited|25_0(ResourceInvoker invoker, Task lastTask, State next, Scope scope, Object state, Boolean isCompleted)
   at Microsoft.AspNetCore.Mvc.Infrastructure.ResourceInvoker.Rethrow(ResourceExecutedContextSealed context)
   at Microsoft.AspNetCore.Mvc.Infrastructure.ResourceInvoker.Next(State& next, Scope& scope, Object& state, Boolean& isCompleted)
   at Microsoft.AspNetCore.Mvc.Infrastructure.ResourceInvoker.InvokeFilterPipelineAsync()
--- End of stack trace from previous location ---
   at Microsoft.AspNetCore.Mvc.Infrastructure.ResourceInvoker.<InvokeAsync>g__Logged|17_1(ResourceInvoker invoker)
   at Microsoft.AspNetCore.Mvc.Infrastructure.ResourceInvoker.<InvokeAsync>g__Logged|17_1(ResourceInvoker invoker)
   at Microsoft.AspNetCore.Routing.EndpointMiddleware.<Invoke>g__AwaitRequestTask|7_0(Endpoint endpoint, Task requestTask, ILogger logger)
   at Serilog.AspNetCore.RequestLoggingMiddleware.Invoke(HttpContext httpContext)
2026-05-21 11:26:11.808 +05:30 [ERR] An unhandled exception has occurred while executing the request.
Microsoft.Data.Sqlite.SqliteException (0x80004005): SQLite Error 1: 'no such table: AspNetUsers'.
   at Microsoft.Data.Sqlite.SqliteException.ThrowExceptionForRC(Int32 rc, sqlite3 db)
   at Microsoft.Data.Sqlite.SqliteCommand.PrepareAndEnumerateStatements()+MoveNext()
   at Microsoft.Data.Sqlite.SqliteCommand.GetStatements()+MoveNext()
   at Microsoft.Data.Sqlite.SqliteDataReader.NextResult()
   at Microsoft.Data.Sqlite.SqliteCommand.ExecuteReader(CommandBehavior behavior)
   at Microsoft.Data.Sqlite.SqliteCommand.ExecuteReaderAsync(CommandBehavior behavior, CancellationToken cancellationToken)
   at Microsoft.Data.Sqlite.SqliteCommand.ExecuteDbDataReaderAsync(CommandBehavior behavior, CancellationToken cancellationToken)
   at Microsoft.EntityFrameworkCore.Storage.RelationalCommand.ExecuteReaderAsync(RelationalCommandParameterObject parameterObject, CancellationToken cancellationToken)
   at Microsoft.EntityFrameworkCore.Storage.RelationalCommand.ExecuteReaderAsync(RelationalCommandParameterObject parameterObject, CancellationToken cancellationToken)
   at Microsoft.EntityFrameworkCore.Query.Internal.SingleQueryingEnumerable`1.AsyncEnumerator.InitializeReaderAsync(AsyncEnumerator enumerator, CancellationToken cancellationToken)
   at Microsoft.EntityFrameworkCore.Query.Internal.SingleQueryingEnumerable`1.AsyncEnumerator.MoveNextAsync()
   at Microsoft.EntityFrameworkCore.Query.ShapedQueryCompilingExpressionVisitor.SingleOrDefaultAsync[TSource](IAsyncEnumerable`1 asyncEnumerable, CancellationToken cancellationToken)
   at Microsoft.EntityFrameworkCore.Query.ShapedQueryCompilingExpressionVisitor.SingleOrDefaultAsync[TSource](IAsyncEnumerable`1 asyncEnumerable, CancellationToken cancellationToken)
   at Microsoft.AspNetCore.Identity.UserManager`1.FindByNameAsync(String userName)
   at Microsoft.AspNetCore.Identity.SignInManager`1.PasswordSignInAsync(String userName, String password, Boolean isPersistent, Boolean lockoutOnFailure)
   at InvoiceProcessingWebApp.Pages.Account.LoginModel.OnPostAsync(String returnUrl) in C:\Users\saldubey\InvoiceProcessingWebApp\Pages\Account\Login.cshtml.cs:line 46
   at Microsoft.AspNetCore.Mvc.RazorPages.Infrastructure.ExecutorFactory.GenericTaskHandlerMethod.Convert[T](Object taskAsObject)
   at Microsoft.AspNetCore.Mvc.RazorPages.Infrastructure.ExecutorFactory.GenericTaskHandlerMethod.Execute(Object receiver, Object[] arguments)
   at Microsoft.AspNetCore.Mvc.RazorPages.Infrastructure.PageActionInvoker.InvokeHandlerMethodAsync()
   at Microsoft.AspNetCore.Mvc.RazorPages.Infrastructure.PageActionInvoker.InvokeNextPageFilterAsync()
   at Microsoft.AspNetCore.Mvc.RazorPages.Infrastructure.PageActionInvoker.Rethrow(PageHandlerExecutedContext context)
   at Microsoft.AspNetCore.Mvc.RazorPages.Infrastructure.PageActionInvoker.Next(State& next, Scope& scope, Object& state, Boolean& isCompleted)
   at Microsoft.AspNetCore.Mvc.RazorPages.Infrastructure.PageActionInvoker.InvokeInnerFilterAsync()
   at Microsoft.AspNetCore.Mvc.Infrastructure.ResourceInvoker.<InvokeNextResourceFilter>g__Awaited|25_0(ResourceInvoker invoker, Task lastTask, State next, Scope scope, Object state, Boolean isCompleted)
   at Microsoft.AspNetCore.Mvc.Infrastructure.ResourceInvoker.Rethrow(ResourceExecutedContextSealed context)
   at Microsoft.AspNetCore.Mvc.Infrastructure.ResourceInvoker.Next(State& next, Scope& scope, Object& state, Boolean& isCompleted)
   at Microsoft.AspNetCore.Mvc.Infrastructure.ResourceInvoker.InvokeFilterPipelineAsync()
--- End of stack trace from previous location ---
   at Microsoft.AspNetCore.Mvc.Infrastructure.ResourceInvoker.<InvokeAsync>g__Logged|17_1(ResourceInvoker invoker)
   at Microsoft.AspNetCore.Mvc.Infrastructure.ResourceInvoker.<InvokeAsync>g__Logged|17_1(ResourceInvoker invoker)
   at Microsoft.AspNetCore.Routing.EndpointMiddleware.<Invoke>g__AwaitRequestTask|7_0(Endpoint endpoint, Task requestTask, ILogger logger)
   at Serilog.AspNetCore.RequestLoggingMiddleware.Invoke(HttpContext httpContext)
   at Microsoft.AspNetCore.Authorization.AuthorizationMiddleware.Invoke(HttpContext context)
   at Microsoft.AspNetCore.Authentication.AuthenticationMiddleware.Invoke(HttpContext context)
   at Program.<>c.<<<Main>$>b__0_5>d.MoveNext() in C:\Users\saldubey\InvoiceProcessingWebApp\Program.cs:line 95
--- End of stack trace from previous location ---
   at Microsoft.AspNetCore.Diagnostics.DeveloperExceptionPageMiddlewareImpl.Invoke(HttpContext context)
2026-05-21 11:26:11.872 +05:30 [INF] Request finished HTTP/1.1 POST http://localhost:5113/Account/Login?ReturnUrl=%2FChat - 500 null text/html; charset=utf-8 531.0311ms
2026-05-21 11:26:16.202 +05:30 [INF] Request starting HTTP/1.1 GET http://localhost:5113/Account/Login?ReturnUrl=%2FChat - null null
2026-05-21 11:26:16.210 +05:30 [INF] Executing endpoint '/Account/Login'
2026-05-21 11:26:16.211 +05:30 [INF] Route matched with {page = "/Account/Login"}. Executing page /Account/Login
2026-05-21 11:26:16.270 +05:30 [INF] Executing handler method InvoiceProcessingWebApp.Pages.Account.LoginModel.OnGet - ModelState is "Valid"
2026-05-21 11:26:16.272 +05:30 [INF] Executed handler method OnGet, returned result .
2026-05-21 11:26:16.275 +05:30 [INF] Executing an implicit handler method - ModelState is "Valid"
2026-05-21 11:26:16.277 +05:30 [INF] Executed an implicit handler method, returned result Microsoft.AspNetCore.Mvc.RazorPages.PageResult.
2026-05-21 11:26:16.283 +05:30 [INF] Executed page /Account/Login in 70.2358ms
2026-05-21 11:26:16.287 +05:30 [INF] Executed endpoint '/Account/Login'
2026-05-21 11:26:16.289 +05:30 [INF] HTTP GET /Account/Login responded 200 in 79.2633 ms
2026-05-21 11:26:16.298 +05:30 [INF] Request finished HTTP/1.1 GET http://localhost:5113/Account/Login?ReturnUrl=%2FChat - 200 null text/html; charset=utf-8 95.9547ms
2026-05-21 11:26:23.145 +05:30 [INF] Request starting HTTP/1.1 POST http://localhost:5113/Account/Login?ReturnUrl=%2FChat - application/x-www-form-urlencoded 272
2026-05-21 11:26:23.153 +05:30 [INF] Executing endpoint '/Account/Login'
2026-05-21 11:26:23.161 +05:30 [INF] Route matched with {page = "/Account/Login"}. Executing page /Account/Login
2026-05-21 11:26:23.200 +05:30 [INF] Executing handler method InvoiceProcessingWebApp.Pages.Account.LoginModel.OnPostAsync - ModelState is "Valid"
2026-05-21 11:26:23.217 +05:30 [ERR] Failed executing DbCommand (0ms) [Parameters=[@normalizedUserName='?' (Size = 23)], CommandType='"Text"', CommandTimeout='30']
SELECT "a"."Id", "a"."AccessFailedCount", "a"."ConcurrencyStamp", "a"."Email", "a"."EmailConfirmed", "a"."LockoutEnabled", "a"."LockoutEnd", "a"."NormalizedEmail", "a"."NormalizedUserName", "a"."PasswordHash", "a"."PhoneNumber", "a"."PhoneNumberConfirmed", "a"."SecurityStamp", "a"."TwoFactorEnabled", "a"."UserName"
FROM "AspNetUsers" AS "a"
WHERE "a"."NormalizedUserName" = @normalizedUserName
LIMIT 1
2026-05-21 11:26:23.221 +05:30 [ERR] An exception occurred while iterating over the results of a query for context type 'InvoiceProcessingWebApp.Data.AppDbContext'.
Microsoft.Data.Sqlite.SqliteException (0x80004005): SQLite Error 1: 'no such table: AspNetUsers'.
   at Microsoft.Data.Sqlite.SqliteException.ThrowExceptionForRC(Int32 rc, sqlite3 db)
   at Microsoft.Data.Sqlite.SqliteCommand.PrepareAndEnumerateStatements()+MoveNext()
   at Microsoft.Data.Sqlite.SqliteCommand.GetStatements()+MoveNext()
   at Microsoft.Data.Sqlite.SqliteDataReader.NextResult()
   at Microsoft.Data.Sqlite.SqliteCommand.ExecuteReader(CommandBehavior behavior)
   at Microsoft.Data.Sqlite.SqliteCommand.ExecuteReaderAsync(CommandBehavior behavior, CancellationToken cancellationToken)
   at Microsoft.Data.Sqlite.SqliteCommand.ExecuteDbDataReaderAsync(CommandBehavior behavior, CancellationToken cancellationToken)
   at Microsoft.EntityFrameworkCore.Storage.RelationalCommand.ExecuteReaderAsync(RelationalCommandParameterObject parameterObject, CancellationToken cancellationToken)
   at Microsoft.EntityFrameworkCore.Storage.RelationalCommand.ExecuteReaderAsync(RelationalCommandParameterObject parameterObject, CancellationToken cancellationToken)
   at Microsoft.EntityFrameworkCore.Query.Internal.SingleQueryingEnumerable`1.AsyncEnumerator.InitializeReaderAsync(AsyncEnumerator enumerator, CancellationToken cancellationToken)
   at Microsoft.EntityFrameworkCore.Query.Internal.SingleQueryingEnumerable`1.AsyncEnumerator.MoveNextAsync()
Microsoft.Data.Sqlite.SqliteException (0x80004005): SQLite Error 1: 'no such table: AspNetUsers'.
   at Microsoft.Data.Sqlite.SqliteException.ThrowExceptionForRC(Int32 rc, sqlite3 db)
   at Microsoft.Data.Sqlite.SqliteCommand.PrepareAndEnumerateStatements()+MoveNext()
   at Microsoft.Data.Sqlite.SqliteCommand.GetStatements()+MoveNext()
   at Microsoft.Data.Sqlite.SqliteDataReader.NextResult()
   at Microsoft.Data.Sqlite.SqliteCommand.ExecuteReader(CommandBehavior behavior)
   at Microsoft.Data.Sqlite.SqliteCommand.ExecuteReaderAsync(CommandBehavior behavior, CancellationToken cancellationToken)
   at Microsoft.Data.Sqlite.SqliteCommand.ExecuteDbDataReaderAsync(CommandBehavior behavior, CancellationToken cancellationToken)
   at Microsoft.EntityFrameworkCore.Storage.RelationalCommand.ExecuteReaderAsync(RelationalCommandParameterObject parameterObject, CancellationToken cancellationToken)
   at Microsoft.EntityFrameworkCore.Storage.RelationalCommand.ExecuteReaderAsync(RelationalCommandParameterObject parameterObject, CancellationToken cancellationToken)
   at Microsoft.EntityFrameworkCore.Query.Internal.SingleQueryingEnumerable`1.AsyncEnumerator.InitializeReaderAsync(AsyncEnumerator enumerator, CancellationToken cancellationToken)
   at Microsoft.EntityFrameworkCore.Query.Internal.SingleQueryingEnumerable`1.AsyncEnumerator.MoveNextAsync()
2026-05-21 11:26:23.233 +05:30 [INF] Executed page /Account/Login in 45.2719ms
2026-05-21 11:26:23.236 +05:30 [INF] Executed endpoint '/Account/Login'
2026-05-21 11:26:23.237 +05:30 [ERR] HTTP POST /Account/Login responded 500 in 83.8597 ms
Microsoft.Data.Sqlite.SqliteException (0x80004005): SQLite Error 1: 'no such table: AspNetUsers'.
   at Microsoft.Data.Sqlite.SqliteException.ThrowExceptionForRC(Int32 rc, sqlite3 db)
   at Microsoft.Data.Sqlite.SqliteCommand.PrepareAndEnumerateStatements()+MoveNext()
   at Microsoft.Data.Sqlite.SqliteCommand.GetStatements()+MoveNext()
   at Microsoft.Data.Sqlite.SqliteDataReader.NextResult()
   at Microsoft.Data.Sqlite.SqliteCommand.ExecuteReader(CommandBehavior behavior)
   at Microsoft.Data.Sqlite.SqliteCommand.ExecuteReaderAsync(CommandBehavior behavior, CancellationToken cancellationToken)
   at Microsoft.Data.Sqlite.SqliteCommand.ExecuteDbDataReaderAsync(CommandBehavior behavior, CancellationToken cancellationToken)
   at Microsoft.EntityFrameworkCore.Storage.RelationalCommand.ExecuteReaderAsync(RelationalCommandParameterObject parameterObject, CancellationToken cancellationToken)
   at Microsoft.EntityFrameworkCore.Storage.RelationalCommand.ExecuteReaderAsync(RelationalCommandParameterObject parameterObject, CancellationToken cancellationToken)
   at Microsoft.EntityFrameworkCore.Query.Internal.SingleQueryingEnumerable`1.AsyncEnumerator.InitializeReaderAsync(AsyncEnumerator enumerator, CancellationToken cancellationToken)
   at Microsoft.EntityFrameworkCore.Query.Internal.SingleQueryingEnumerable`1.AsyncEnumerator.MoveNextAsync()
   at Microsoft.EntityFrameworkCore.Query.ShapedQueryCompilingExpressionVisitor.SingleOrDefaultAsync[TSource](IAsyncEnumerable`1 asyncEnumerable, CancellationToken cancellationToken)
   at Microsoft.EntityFrameworkCore.Query.ShapedQueryCompilingExpressionVisitor.SingleOrDefaultAsync[TSource](IAsyncEnumerable`1 asyncEnumerable, CancellationToken cancellationToken)
   at Microsoft.AspNetCore.Identity.UserManager`1.FindByNameAsync(String userName)
   at Microsoft.AspNetCore.Identity.SignInManager`1.PasswordSignInAsync(String userName, String password, Boolean isPersistent, Boolean lockoutOnFailure)
   at InvoiceProcessingWebApp.Pages.Account.LoginModel.OnPostAsync(String returnUrl) in C:\Users\saldubey\InvoiceProcessingWebApp\Pages\Account\Login.cshtml.cs:line 46
   at Microsoft.AspNetCore.Mvc.RazorPages.Infrastructure.ExecutorFactory.GenericTaskHandlerMethod.Convert[T](Object taskAsObject)
   at Microsoft.AspNetCore.Mvc.RazorPages.Infrastructure.ExecutorFactory.GenericTaskHandlerMethod.Execute(Object receiver, Object[] arguments)
   at Microsoft.AspNetCore.Mvc.RazorPages.Infrastructure.PageActionInvoker.InvokeHandlerMethodAsync()
   at Microsoft.AspNetCore.Mvc.RazorPages.Infrastructure.PageActionInvoker.InvokeNextPageFilterAsync()
   at Microsoft.AspNetCore.Mvc.RazorPages.Infrastructure.PageActionInvoker.Rethrow(PageHandlerExecutedContext context)
   at Microsoft.AspNetCore.Mvc.RazorPages.Infrastructure.PageActionInvoker.Next(State& next, Scope& scope, Object& state, Boolean& isCompleted)
   at Microsoft.AspNetCore.Mvc.RazorPages.Infrastructure.PageActionInvoker.InvokeInnerFilterAsync()
   at Microsoft.AspNetCore.Mvc.Infrastructure.ResourceInvoker.<InvokeNextResourceFilter>g__Awaited|25_0(ResourceInvoker invoker, Task lastTask, State next, Scope scope, Object state, Boolean isCompleted)
   at Microsoft.AspNetCore.Mvc.Infrastructure.ResourceInvoker.Rethrow(ResourceExecutedContextSealed context)
   at Microsoft.AspNetCore.Mvc.Infrastructure.ResourceInvoker.Next(State& next, Scope& scope, Object& state, Boolean& isCompleted)
   at Microsoft.AspNetCore.Mvc.Infrastructure.ResourceInvoker.InvokeFilterPipelineAsync()
--- End of stack trace from previous location ---
   at Microsoft.AspNetCore.Mvc.Infrastructure.ResourceInvoker.<InvokeAsync>g__Logged|17_1(ResourceInvoker invoker)
   at Microsoft.AspNetCore.Mvc.Infrastructure.ResourceInvoker.<InvokeAsync>g__Logged|17_1(ResourceInvoker invoker)
   at Microsoft.AspNetCore.Routing.EndpointMiddleware.<Invoke>g__AwaitRequestTask|7_0(Endpoint endpoint, Task requestTask, ILogger logger)
   at Serilog.AspNetCore.RequestLoggingMiddleware.Invoke(HttpContext httpContext)
2026-05-21 11:26:23.293 +05:30 [ERR] An unhandled exception has occurred while executing the request.
Microsoft.Data.Sqlite.SqliteException (0x80004005): SQLite Error 1: 'no such table: AspNetUsers'.
   at Microsoft.Data.Sqlite.SqliteException.ThrowExceptionForRC(Int32 rc, sqlite3 db)
   at Microsoft.Data.Sqlite.SqliteCommand.PrepareAndEnumerateStatements()+MoveNext()
   at Microsoft.Data.Sqlite.SqliteCommand.GetStatements()+MoveNext()
   at Microsoft.Data.Sqlite.SqliteDataReader.NextResult()
   at Microsoft.Data.Sqlite.SqliteCommand.ExecuteReader(CommandBehavior behavior)
   at Microsoft.Data.Sqlite.SqliteCommand.ExecuteReaderAsync(CommandBehavior behavior, CancellationToken cancellationToken)
   at Microsoft.Data.Sqlite.SqliteCommand.ExecuteDbDataReaderAsync(CommandBehavior behavior, CancellationToken cancellationToken)
   at Microsoft.EntityFrameworkCore.Storage.RelationalCommand.ExecuteReaderAsync(RelationalCommandParameterObject parameterObject, CancellationToken cancellationToken)
   at Microsoft.EntityFrameworkCore.Storage.RelationalCommand.ExecuteReaderAsync(RelationalCommandParameterObject parameterObject, CancellationToken cancellationToken)
   at Microsoft.EntityFrameworkCore.Query.Internal.SingleQueryingEnumerable`1.AsyncEnumerator.InitializeReaderAsync(AsyncEnumerator enumerator, CancellationToken cancellationToken)
   at Microsoft.EntityFrameworkCore.Query.Internal.SingleQueryingEnumerable`1.AsyncEnumerator.MoveNextAsync()
   at Microsoft.EntityFrameworkCore.Query.ShapedQueryCompilingExpressionVisitor.SingleOrDefaultAsync[TSource](IAsyncEnumerable`1 asyncEnumerable, CancellationToken cancellationToken)
   at Microsoft.EntityFrameworkCore.Query.ShapedQueryCompilingExpressionVisitor.SingleOrDefaultAsync[TSource](IAsyncEnumerable`1 asyncEnumerable, CancellationToken cancellationToken)
   at Microsoft.AspNetCore.Identity.UserManager`1.FindByNameAsync(String userName)
   at Microsoft.AspNetCore.Identity.SignInManager`1.PasswordSignInAsync(String userName, String password, Boolean isPersistent, Boolean lockoutOnFailure)
   at InvoiceProcessingWebApp.Pages.Account.LoginModel.OnPostAsync(String returnUrl) in C:\Users\saldubey\InvoiceProcessingWebApp\Pages\Account\Login.cshtml.cs:line 46
   at Microsoft.AspNetCore.Mvc.RazorPages.Infrastructure.ExecutorFactory.GenericTaskHandlerMethod.Convert[T](Object taskAsObject)
   at Microsoft.AspNetCore.Mvc.RazorPages.Infrastructure.ExecutorFactory.GenericTaskHandlerMethod.Execute(Object receiver, Object[] arguments)
   at Microsoft.AspNetCore.Mvc.RazorPages.Infrastructure.PageActionInvoker.InvokeHandlerMethodAsync()
   at Microsoft.AspNetCore.Mvc.RazorPages.Infrastructure.PageActionInvoker.InvokeNextPageFilterAsync()
   at Microsoft.AspNetCore.Mvc.RazorPages.Infrastructure.PageActionInvoker.Rethrow(PageHandlerExecutedContext context)
   at Microsoft.AspNetCore.Mvc.RazorPages.Infrastructure.PageActionInvoker.Next(State& next, Scope& scope, Object& state, Boolean& isCompleted)
   at Microsoft.AspNetCore.Mvc.RazorPages.Infrastructure.PageActionInvoker.InvokeInnerFilterAsync()
   at Microsoft.AspNetCore.Mvc.Infrastructure.ResourceInvoker.<InvokeNextResourceFilter>g__Awaited|25_0(ResourceInvoker invoker, Task lastTask, State next, Scope scope, Object state, Boolean isCompleted)
   at Microsoft.AspNetCore.Mvc.Infrastructure.ResourceInvoker.Rethrow(ResourceExecutedContextSealed context)
   at Microsoft.AspNetCore.Mvc.Infrastructure.ResourceInvoker.Next(State& next, Scope& scope, Object& state, Boolean& isCompleted)
   at Microsoft.AspNetCore.Mvc.Infrastructure.ResourceInvoker.InvokeFilterPipelineAsync()
--- End of stack trace from previous location ---
   at Microsoft.AspNetCore.Mvc.Infrastructure.ResourceInvoker.<InvokeAsync>g__Logged|17_1(ResourceInvoker invoker)
   at Microsoft.AspNetCore.Mvc.Infrastructure.ResourceInvoker.<InvokeAsync>g__Logged|17_1(ResourceInvoker invoker)
   at Microsoft.AspNetCore.Routing.EndpointMiddleware.<Invoke>g__AwaitRequestTask|7_0(Endpoint endpoint, Task requestTask, ILogger logger)
   at Serilog.AspNetCore.RequestLoggingMiddleware.Invoke(HttpContext httpContext)
   at Microsoft.AspNetCore.Authorization.AuthorizationMiddleware.Invoke(HttpContext context)
   at Microsoft.AspNetCore.Authentication.AuthenticationMiddleware.Invoke(HttpContext context)
   at Program.<>c.<<<Main>$>b__0_5>d.MoveNext() in C:\Users\saldubey\InvoiceProcessingWebApp\Program.cs:line 95
--- End of stack trace from previous location ---
   at Microsoft.AspNetCore.Diagnostics.DeveloperExceptionPageMiddlewareImpl.Invoke(HttpContext context)
2026-05-21 11:26:23.324 +05:30 [INF] Request finished HTTP/1.1 POST http://localhost:5113/Account/Login?ReturnUrl=%2FChat - 500 null text/html; charset=utf-8 178.8725ms
2026-05-21 11:28:28.347 +05:30 [INF] Starting Invoxa application
2026-05-21 11:28:30.503 +05:30 [INF] Executed DbCommand (26ms) [Parameters=[], CommandType='"Text"', CommandTimeout='30']
SELECT COUNT(*) FROM "sqlite_master" WHERE "type" = 'table' AND "rootpage" IS NOT NULL;
2026-05-21 11:28:30.643 +05:30 [INF] User profile is available. Using 'C:\Users\saldubey\AppData\Local\ASP.NET\DataProtection-Keys' as key repository and Windows DPAPI to encrypt keys at rest.
2026-05-21 11:28:30.823 +05:30 [INF] Now listening on: http://localhost:5113
2026-05-21 11:28:30.844 +05:30 [INF] Application started. Press Ctrl+C to shut down.
2026-05-21 11:28:30.854 +05:30 [INF] Hosting environment: Development
2026-05-21 11:28:30.858 +05:30 [INF] Content root path: C:\Users\saldubey\InvoiceProcessingWebApp
2026-05-21 11:28:36.281 +05:30 [INF] Request starting HTTP/1.1 GET http://localhost:5113/ - null null
2026-05-21 11:28:37.523 +05:30 [WRN] Failed to determine the https port for redirect.
2026-05-21 11:28:37.803 +05:30 [INF] Executing endpoint '/Index'
2026-05-21 11:28:38.029 +05:30 [INF] Route matched with {page = "/Index"}. Executing page /Index
2026-05-21 11:28:38.241 +05:30 [INF] Executing handler method InvoiceProcessingWebApp.Pages.IndexModel.OnGet - ModelState is "Valid"
2026-05-21 11:28:39.553 +05:30 [INF] Executed DbCommand (5ms) [Parameters=[], CommandType='"Text"', CommandTimeout='30']
SELECT COUNT(*)
FROM "Invoices" AS "i"
2026-05-21 11:28:40.428 +05:30 [INF] Executed DbCommand (0ms) [Parameters=[], CommandType='"Text"', CommandTimeout='30']
SELECT COUNT(*)
FROM "Invoices" AS "i"
WHERE "i"."Status" = 'Approved'
2026-05-21 11:28:40.757 +05:30 [INF] Executed DbCommand (0ms) [Parameters=[], CommandType='"Text"', CommandTimeout='30']
SELECT COUNT(*)
FROM "Invoices" AS "i"
WHERE "i"."Status" = 'Pending'
2026-05-21 11:28:40.911 +05:30 [INF] Executed DbCommand (0ms) [Parameters=[], CommandType='"Text"', CommandTimeout='30']
SELECT EXISTS (
    SELECT 1
    FROM "Invoices" AS "i")
2026-05-21 11:28:41.244 +05:30 [INF] Executed DbCommand (26ms) [Parameters=[], CommandType='"Text"', CommandTimeout='30']
SELECT COALESCE(ef_sum("i"."Amount"), '0.0')
FROM "Invoices" AS "i"
2026-05-21 11:28:41.556 +05:30 [INF] Executed handler method OnGet, returned result .
2026-05-21 11:28:41.717 +05:30 [INF] Executing an implicit handler method - ModelState is "Valid"
2026-05-21 11:28:41.810 +05:30 [INF] Executed an implicit handler method, returned result Microsoft.AspNetCore.Mvc.RazorPages.PageResult.
2026-05-21 11:28:42.118 +05:30 [INF] Executed page /Index in 3897.1212ms
2026-05-21 11:28:42.457 +05:30 [INF] Executed endpoint '/Index'
2026-05-21 11:28:42.560 +05:30 [INF] HTTP GET / responded 200 in 4757.6189 ms
2026-05-21 11:28:42.683 +05:30 [INF] Request finished HTTP/1.1 GET http://localhost:5113/ - 200 null text/html; charset=utf-8 6408.8225ms
2026-05-21 11:28:46.830 +05:30 [INF] Request starting HTTP/1.1 GET http://localhost:5113/Chat - null null
2026-05-21 11:28:47.535 +05:30 [INF] Authorization failed. These requirements were not met:
DenyAnonymousAuthorizationRequirement: Requires an authenticated user.
2026-05-21 11:28:47.879 +05:30 [INF] AuthenticationScheme: Identity.Application was challenged.
2026-05-21 11:28:48.056 +05:30 [INF] Request finished HTTP/1.1 GET http://localhost:5113/Chat - 302 0 null 1226.5412ms
2026-05-21 11:28:48.682 +05:30 [INF] Request starting HTTP/1.1 GET http://localhost:5113/Account/Login?ReturnUrl=%2FChat - null null
2026-05-21 11:28:49.223 +05:30 [INF] Executing endpoint '/Account/Login'
2026-05-21 11:28:49.420 +05:30 [INF] Route matched with {page = "/Account/Login"}. Executing page /Account/Login
2026-05-21 11:28:49.615 +05:30 [INF] Executing handler method InvoiceProcessingWebApp.Pages.Account.LoginModel.OnGet - ModelState is "Valid"
2026-05-21 11:28:49.767 +05:30 [INF] Executed handler method OnGet, returned result .
2026-05-21 11:28:49.905 +05:30 [INF] Executing an implicit handler method - ModelState is "Valid"
2026-05-21 11:28:50.018 +05:30 [INF] Executed an implicit handler method, returned result Microsoft.AspNetCore.Mvc.RazorPages.PageResult.
2026-05-21 11:28:50.332 +05:30 [INF] Executed page /Account/Login in 787.2668ms
2026-05-21 11:28:50.497 +05:30 [INF] Executed endpoint '/Account/Login'
2026-05-21 11:28:50.566 +05:30 [INF] HTTP GET /Account/Login responded 200 in 1342.6491 ms
2026-05-21 11:28:50.863 +05:30 [INF] Request finished HTTP/1.1 GET http://localhost:5113/Account/Login?ReturnUrl=%2FChat - 200 null text/html; charset=utf-8 2181.6555ms
2026-05-21 11:28:58.432 +05:30 [INF] Request starting HTTP/1.1 POST http://localhost:5113/Account/Login?ReturnUrl=%2FChat - application/x-www-form-urlencoded 265
2026-05-21 11:28:58.842 +05:30 [INF] Executing endpoint '/Account/Login'
2026-05-21 11:28:58.882 +05:30 [INF] Route matched with {page = "/Account/Login"}. Executing page /Account/Login
2026-05-21 11:28:58.968 +05:30 [INF] Executing handler method InvoiceProcessingWebApp.Pages.Account.LoginModel.OnPostAsync - ModelState is "Valid"
2026-05-21 11:28:59.611 +05:30 [ERR] Failed executing DbCommand (10ms) [Parameters=[@normalizedUserName='?' (Size = 23)], CommandType='"Text"', CommandTimeout='30']
SELECT "a"."Id", "a"."AccessFailedCount", "a"."ConcurrencyStamp", "a"."Email", "a"."EmailConfirmed", "a"."LockoutEnabled", "a"."LockoutEnd", "a"."NormalizedEmail", "a"."NormalizedUserName", "a"."PasswordHash", "a"."PhoneNumber", "a"."PhoneNumberConfirmed", "a"."SecurityStamp", "a"."TwoFactorEnabled", "a"."UserName"
FROM "AspNetUsers" AS "a"
WHERE "a"."NormalizedUserName" = @normalizedUserName
LIMIT 1
2026-05-21 11:29:00.173 +05:30 [ERR] An exception occurred while iterating over the results of a query for context type 'InvoiceProcessingWebApp.Data.AppDbContext'.
Microsoft.Data.Sqlite.SqliteException (0x80004005): SQLite Error 1: 'no such table: AspNetUsers'.
   at Microsoft.Data.Sqlite.SqliteException.ThrowExceptionForRC(Int32 rc, sqlite3 db)
   at Microsoft.Data.Sqlite.SqliteCommand.PrepareAndEnumerateStatements()+MoveNext()
   at Microsoft.Data.Sqlite.SqliteCommand.GetStatements()+MoveNext()
   at Microsoft.Data.Sqlite.SqliteDataReader.NextResult()
   at Microsoft.Data.Sqlite.SqliteCommand.ExecuteReader(CommandBehavior behavior)
   at Microsoft.Data.Sqlite.SqliteCommand.ExecuteReaderAsync(CommandBehavior behavior, CancellationToken cancellationToken)
   at Microsoft.Data.Sqlite.SqliteCommand.ExecuteDbDataReaderAsync(CommandBehavior behavior, CancellationToken cancellationToken)
   at Microsoft.EntityFrameworkCore.Storage.RelationalCommand.ExecuteReaderAsync(RelationalCommandParameterObject parameterObject, CancellationToken cancellationToken)
   at Microsoft.EntityFrameworkCore.Storage.RelationalCommand.ExecuteReaderAsync(RelationalCommandParameterObject parameterObject, CancellationToken cancellationToken)
   at Microsoft.EntityFrameworkCore.Query.Internal.SingleQueryingEnumerable`1.AsyncEnumerator.InitializeReaderAsync(AsyncEnumerator enumerator, CancellationToken cancellationToken)
   at Microsoft.EntityFrameworkCore.Query.Internal.SingleQueryingEnumerable`1.AsyncEnumerator.MoveNextAsync()
Microsoft.Data.Sqlite.SqliteException (0x80004005): SQLite Error 1: 'no such table: AspNetUsers'.
   at Microsoft.Data.Sqlite.SqliteException.ThrowExceptionForRC(Int32 rc, sqlite3 db)
   at Microsoft.Data.Sqlite.SqliteCommand.PrepareAndEnumerateStatements()+MoveNext()
   at Microsoft.Data.Sqlite.SqliteCommand.GetStatements()+MoveNext()
   at Microsoft.Data.Sqlite.SqliteDataReader.NextResult()
   at Microsoft.Data.Sqlite.SqliteCommand.ExecuteReader(CommandBehavior behavior)
   at Microsoft.Data.Sqlite.SqliteCommand.ExecuteReaderAsync(CommandBehavior behavior, CancellationToken cancellationToken)
   at Microsoft.Data.Sqlite.SqliteCommand.ExecuteDbDataReaderAsync(CommandBehavior behavior, CancellationToken cancellationToken)
   at Microsoft.EntityFrameworkCore.Storage.RelationalCommand.ExecuteReaderAsync(RelationalCommandParameterObject parameterObject, CancellationToken cancellationToken)
   at Microsoft.EntityFrameworkCore.Storage.RelationalCommand.ExecuteReaderAsync(RelationalCommandParameterObject parameterObject, CancellationToken cancellationToken)
   at Microsoft.EntityFrameworkCore.Query.Internal.SingleQueryingEnumerable`1.AsyncEnumerator.InitializeReaderAsync(AsyncEnumerator enumerator, CancellationToken cancellationToken)
   at Microsoft.EntityFrameworkCore.Query.Internal.SingleQueryingEnumerable`1.AsyncEnumerator.MoveNextAsync()
2026-05-21 11:29:00.697 +05:30 [INF] Request starting HTTP/1.1 POST http://localhost:5113/Account/Login?ReturnUrl=%2FChat - application/x-www-form-urlencoded 265
2026-05-21 11:29:00.778 +05:30 [INF] Executed page /Account/Login in 1857.6221ms
2026-05-21 11:29:01.614 +05:30 [INF] Executing endpoint '/Account/Login'
2026-05-21 11:29:01.849 +05:30 [INF] Route matched with {page = "/Account/Login"}. Executing page /Account/Login
2026-05-21 11:29:01.833 +05:30 [INF] Executed endpoint '/Account/Login'
2026-05-21 11:29:01.986 +05:30 [INF] Executing handler method InvoiceProcessingWebApp.Pages.Account.LoginModel.OnPostAsync - ModelState is "Valid"
2026-05-21 11:29:02.019 +05:30 [ERR] HTTP POST /Account/Login responded 500 in 3177.1201 ms
Microsoft.Data.Sqlite.SqliteException (0x80004005): SQLite Error 1: 'no such table: AspNetUsers'.
   at Microsoft.Data.Sqlite.SqliteException.ThrowExceptionForRC(Int32 rc, sqlite3 db)
   at Microsoft.Data.Sqlite.SqliteCommand.PrepareAndEnumerateStatements()+MoveNext()
   at Microsoft.Data.Sqlite.SqliteCommand.GetStatements()+MoveNext()
   at Microsoft.Data.Sqlite.SqliteDataReader.NextResult()
   at Microsoft.Data.Sqlite.SqliteCommand.ExecuteReader(CommandBehavior behavior)
   at Microsoft.Data.Sqlite.SqliteCommand.ExecuteReaderAsync(CommandBehavior behavior, CancellationToken cancellationToken)
   at Microsoft.Data.Sqlite.SqliteCommand.ExecuteDbDataReaderAsync(CommandBehavior behavior, CancellationToken cancellationToken)
   at Microsoft.EntityFrameworkCore.Storage.RelationalCommand.ExecuteReaderAsync(RelationalCommandParameterObject parameterObject, CancellationToken cancellationToken)
   at Microsoft.EntityFrameworkCore.Storage.RelationalCommand.ExecuteReaderAsync(RelationalCommandParameterObject parameterObject, CancellationToken cancellationToken)
   at Microsoft.EntityFrameworkCore.Query.Internal.SingleQueryingEnumerable`1.AsyncEnumerator.InitializeReaderAsync(AsyncEnumerator enumerator, CancellationToken cancellationToken)
   at Microsoft.EntityFrameworkCore.Query.Internal.SingleQueryingEnumerable`1.AsyncEnumerator.MoveNextAsync()
   at Microsoft.EntityFrameworkCore.Query.ShapedQueryCompilingExpressionVisitor.SingleOrDefaultAsync[TSource](IAsyncEnumerable`1 asyncEnumerable, CancellationToken cancellationToken)
   at Microsoft.EntityFrameworkCore.Query.ShapedQueryCompilingExpressionVisitor.SingleOrDefaultAsync[TSource](IAsyncEnumerable`1 asyncEnumerable, CancellationToken cancellationToken)
   at Microsoft.AspNetCore.Identity.UserManager`1.FindByNameAsync(String userName)
   at Microsoft.AspNetCore.Identity.SignInManager`1.PasswordSignInAsync(String userName, String password, Boolean isPersistent, Boolean lockoutOnFailure)
   at InvoiceProcessingWebApp.Pages.Account.LoginModel.OnPostAsync(String returnUrl) in C:\Users\saldubey\InvoiceProcessingWebApp\Pages\Account\Login.cshtml.cs:line 46
   at Microsoft.AspNetCore.Mvc.RazorPages.Infrastructure.ExecutorFactory.GenericTaskHandlerMethod.Convert[T](Object taskAsObject)
   at Microsoft.AspNetCore.Mvc.RazorPages.Infrastructure.ExecutorFactory.GenericTaskHandlerMethod.Execute(Object receiver, Object[] arguments)
   at Microsoft.AspNetCore.Mvc.RazorPages.Infrastructure.PageActionInvoker.InvokeHandlerMethodAsync()
   at Microsoft.AspNetCore.Mvc.RazorPages.Infrastructure.PageActionInvoker.InvokeNextPageFilterAsync()
   at Microsoft.AspNetCore.Mvc.RazorPages.Infrastructure.PageActionInvoker.Rethrow(PageHandlerExecutedContext context)
   at Microsoft.AspNetCore.Mvc.RazorPages.Infrastructure.PageActionInvoker.Next(State& next, Scope& scope, Object& state, Boolean& isCompleted)
   at Microsoft.AspNetCore.Mvc.RazorPages.Infrastructure.PageActionInvoker.InvokeInnerFilterAsync()
   at Microsoft.AspNetCore.Mvc.Infrastructure.ResourceInvoker.<InvokeNextResourceFilter>g__Awaited|25_0(ResourceInvoker invoker, Task lastTask, State next, Scope scope, Object state, Boolean isCompleted)
   at Microsoft.AspNetCore.Mvc.Infrastructure.ResourceInvoker.Rethrow(ResourceExecutedContextSealed context)
   at Microsoft.AspNetCore.Mvc.Infrastructure.ResourceInvoker.Next(State& next, Scope& scope, Object& state, Boolean& isCompleted)
   at Microsoft.AspNetCore.Mvc.Infrastructure.ResourceInvoker.InvokeFilterPipelineAsync()
--- End of stack trace from previous location ---
   at Microsoft.AspNetCore.Mvc.Infrastructure.ResourceInvoker.<InvokeAsync>g__Logged|17_1(ResourceInvoker invoker)
   at Microsoft.AspNetCore.Mvc.Infrastructure.ResourceInvoker.<InvokeAsync>g__Logged|17_1(ResourceInvoker invoker)
   at Microsoft.AspNetCore.Routing.EndpointMiddleware.<Invoke>g__AwaitRequestTask|7_0(Endpoint endpoint, Task requestTask, ILogger logger)
   at Serilog.AspNetCore.RequestLoggingMiddleware.Invoke(HttpContext httpContext)
2026-05-21 11:29:02.070 +05:30 [ERR] Failed executing DbCommand (1ms) [Parameters=[@normalizedUserName='?' (Size = 23)], CommandType='"Text"', CommandTimeout='30']
SELECT "a"."Id", "a"."AccessFailedCount", "a"."ConcurrencyStamp", "a"."Email", "a"."EmailConfirmed", "a"."LockoutEnabled", "a"."LockoutEnd", "a"."NormalizedEmail", "a"."NormalizedUserName", "a"."PasswordHash", "a"."PhoneNumber", "a"."PhoneNumberConfirmed", "a"."SecurityStamp", "a"."TwoFactorEnabled", "a"."UserName"
FROM "AspNetUsers" AS "a"
WHERE "a"."NormalizedUserName" = @normalizedUserName
LIMIT 1
2026-05-21 11:29:02.782 +05:30 [ERR] An unhandled exception has occurred while executing the request.
Microsoft.Data.Sqlite.SqliteException (0x80004005): SQLite Error 1: 'no such table: AspNetUsers'.
   at Microsoft.Data.Sqlite.SqliteException.ThrowExceptionForRC(Int32 rc, sqlite3 db)
   at Microsoft.Data.Sqlite.SqliteCommand.PrepareAndEnumerateStatements()+MoveNext()
   at Microsoft.Data.Sqlite.SqliteCommand.GetStatements()+MoveNext()
   at Microsoft.Data.Sqlite.SqliteDataReader.NextResult()
   at Microsoft.Data.Sqlite.SqliteCommand.ExecuteReader(CommandBehavior behavior)
   at Microsoft.Data.Sqlite.SqliteCommand.ExecuteReaderAsync(CommandBehavior behavior, CancellationToken cancellationToken)
   at Microsoft.Data.Sqlite.SqliteCommand.ExecuteDbDataReaderAsync(CommandBehavior behavior, CancellationToken cancellationToken)
   at Microsoft.EntityFrameworkCore.Storage.RelationalCommand.ExecuteReaderAsync(RelationalCommandParameterObject parameterObject, CancellationToken cancellationToken)
   at Microsoft.EntityFrameworkCore.Storage.RelationalCommand.ExecuteReaderAsync(RelationalCommandParameterObject parameterObject, CancellationToken cancellationToken)
   at Microsoft.EntityFrameworkCore.Query.Internal.SingleQueryingEnumerable`1.AsyncEnumerator.InitializeReaderAsync(AsyncEnumerator enumerator, CancellationToken cancellationToken)
   at Microsoft.EntityFrameworkCore.Query.Internal.SingleQueryingEnumerable`1.AsyncEnumerator.MoveNextAsync()
   at Microsoft.EntityFrameworkCore.Query.ShapedQueryCompilingExpressionVisitor.SingleOrDefaultAsync[TSource](IAsyncEnumerable`1 asyncEnumerable, CancellationToken cancellationToken)
   at Microsoft.EntityFrameworkCore.Query.ShapedQueryCompilingExpressionVisitor.SingleOrDefaultAsync[TSource](IAsyncEnumerable`1 asyncEnumerable, CancellationToken cancellationToken)
   at Microsoft.AspNetCore.Identity.UserManager`1.FindByNameAsync(String userName)
   at Microsoft.AspNetCore.Identity.SignInManager`1.PasswordSignInAsync(String userName, String password, Boolean isPersistent, Boolean lockoutOnFailure)
   at InvoiceProcessingWebApp.Pages.Account.LoginModel.OnPostAsync(String returnUrl) in C:\Users\saldubey\InvoiceProcessingWebApp\Pages\Account\Login.cshtml.cs:line 46
   at Microsoft.AspNetCore.Mvc.RazorPages.Infrastructure.ExecutorFactory.GenericTaskHandlerMethod.Convert[T](Object taskAsObject)
   at Microsoft.AspNetCore.Mvc.RazorPages.Infrastructure.ExecutorFactory.GenericTaskHandlerMethod.Execute(Object receiver, Object[] arguments)
   at Microsoft.AspNetCore.Mvc.RazorPages.Infrastructure.PageActionInvoker.InvokeHandlerMethodAsync()
   at Microsoft.AspNetCore.Mvc.RazorPages.Infrastructure.PageActionInvoker.InvokeNextPageFilterAsync()
   at Microsoft.AspNetCore.Mvc.RazorPages.Infrastructure.PageActionInvoker.Rethrow(PageHandlerExecutedContext context)
   at Microsoft.AspNetCore.Mvc.RazorPages.Infrastructure.PageActionInvoker.Next(State& next, Scope& scope, Object& state, Boolean& isCompleted)
   at Microsoft.AspNetCore.Mvc.RazorPages.Infrastructure.PageActionInvoker.InvokeInnerFilterAsync()
   at Microsoft.AspNetCore.Mvc.Infrastructure.ResourceInvoker.<InvokeNextResourceFilter>g__Awaited|25_0(ResourceInvoker invoker, Task lastTask, State next, Scope scope, Object state, Boolean isCompleted)
   at Microsoft.AspNetCore.Mvc.Infrastructure.ResourceInvoker.Rethrow(ResourceExecutedContextSealed context)
   at Microsoft.AspNetCore.Mvc.Infrastructure.ResourceInvoker.Next(State& next, Scope& scope, Object& state, Boolean& isCompleted)
   at Microsoft.AspNetCore.Mvc.Infrastructure.ResourceInvoker.InvokeFilterPipelineAsync()
--- End of stack trace from previous location ---
   at Microsoft.AspNetCore.Mvc.Infrastructure.ResourceInvoker.<InvokeAsync>g__Logged|17_1(ResourceInvoker invoker)
   at Microsoft.AspNetCore.Mvc.Infrastructure.ResourceInvoker.<InvokeAsync>g__Logged|17_1(ResourceInvoker invoker)
   at Microsoft.AspNetCore.Routing.EndpointMiddleware.<Invoke>g__AwaitRequestTask|7_0(Endpoint endpoint, Task requestTask, ILogger logger)
   at Serilog.AspNetCore.RequestLoggingMiddleware.Invoke(HttpContext httpContext)
   at Microsoft.AspNetCore.Authorization.AuthorizationMiddleware.Invoke(HttpContext context)
   at Microsoft.AspNetCore.Authentication.AuthenticationMiddleware.Invoke(HttpContext context)
   at Program.<>c.<<<Main>$>b__0_5>d.MoveNext() in C:\Users\saldubey\InvoiceProcessingWebApp\Program.cs:line 95
--- End of stack trace from previous location ---
   at Microsoft.AspNetCore.Diagnostics.DeveloperExceptionPageMiddlewareImpl.Invoke(HttpContext context)
2026-05-21 11:29:02.789 +05:30 [ERR] An exception occurred while iterating over the results of a query for context type 'InvoiceProcessingWebApp.Data.AppDbContext'.
Microsoft.Data.Sqlite.SqliteException (0x80004005): SQLite Error 1: 'no such table: AspNetUsers'.
   at Microsoft.Data.Sqlite.SqliteException.ThrowExceptionForRC(Int32 rc, sqlite3 db)
   at Microsoft.Data.Sqlite.SqliteCommand.PrepareAndEnumerateStatements()+MoveNext()
   at Microsoft.Data.Sqlite.SqliteCommand.GetStatements()+MoveNext()
   at Microsoft.Data.Sqlite.SqliteDataReader.NextResult()
   at Microsoft.Data.Sqlite.SqliteCommand.ExecuteReader(CommandBehavior behavior)
   at Microsoft.Data.Sqlite.SqliteCommand.ExecuteReaderAsync(CommandBehavior behavior, CancellationToken cancellationToken)
   at Microsoft.Data.Sqlite.SqliteCommand.ExecuteDbDataReaderAsync(CommandBehavior behavior, CancellationToken cancellationToken)
   at Microsoft.EntityFrameworkCore.Storage.RelationalCommand.ExecuteReaderAsync(RelationalCommandParameterObject parameterObject, CancellationToken cancellationToken)
   at Microsoft.EntityFrameworkCore.Storage.RelationalCommand.ExecuteReaderAsync(RelationalCommandParameterObject parameterObject, CancellationToken cancellationToken)
   at Microsoft.EntityFrameworkCore.Query.Internal.SingleQueryingEnumerable`1.AsyncEnumerator.InitializeReaderAsync(AsyncEnumerator enumerator, CancellationToken cancellationToken)
   at Microsoft.EntityFrameworkCore.Query.Internal.SingleQueryingEnumerable`1.AsyncEnumerator.MoveNextAsync()
Microsoft.Data.Sqlite.SqliteException (0x80004005): SQLite Error 1: 'no such table: AspNetUsers'.
   at Microsoft.Data.Sqlite.SqliteException.ThrowExceptionForRC(Int32 rc, sqlite3 db)
   at Microsoft.Data.Sqlite.SqliteCommand.PrepareAndEnumerateStatements()+MoveNext()
   at Microsoft.Data.Sqlite.SqliteCommand.GetStatements()+MoveNext()
   at Microsoft.Data.Sqlite.SqliteDataReader.NextResult()
   at Microsoft.Data.Sqlite.SqliteCommand.ExecuteReader(CommandBehavior behavior)
   at Microsoft.Data.Sqlite.SqliteCommand.ExecuteReaderAsync(CommandBehavior behavior, CancellationToken cancellationToken)
   at Microsoft.Data.Sqlite.SqliteCommand.ExecuteDbDataReaderAsync(CommandBehavior behavior, CancellationToken cancellationToken)
   at Microsoft.EntityFrameworkCore.Storage.RelationalCommand.ExecuteReaderAsync(RelationalCommandParameterObject parameterObject, CancellationToken cancellationToken)
   at Microsoft.EntityFrameworkCore.Storage.RelationalCommand.ExecuteReaderAsync(RelationalCommandParameterObject parameterObject, CancellationToken cancellationToken)
   at Microsoft.EntityFrameworkCore.Query.Internal.SingleQueryingEnumerable`1.AsyncEnumerator.InitializeReaderAsync(AsyncEnumerator enumerator, CancellationToken cancellationToken)
   at Microsoft.EntityFrameworkCore.Query.Internal.SingleQueryingEnumerable`1.AsyncEnumerator.MoveNextAsync()
2026-05-21 11:29:03.896 +05:30 [INF] Request finished HTTP/1.1 POST http://localhost:5113/Account/Login?ReturnUrl=%2FChat - 500 null text/html; charset=utf-8 5463.6772ms
2026-05-21 11:29:03.953 +05:30 [INF] Executed page /Account/Login in 2024.0028ms
2026-05-21 11:29:04.181 +05:30 [INF] Executed endpoint '/Account/Login'
2026-05-21 11:29:04.197 +05:30 [ERR] HTTP POST /Account/Login responded 500 in 2583.1835 ms
Microsoft.Data.Sqlite.SqliteException (0x80004005): SQLite Error 1: 'no such table: AspNetUsers'.
   at Microsoft.Data.Sqlite.SqliteException.ThrowExceptionForRC(Int32 rc, sqlite3 db)
   at Microsoft.Data.Sqlite.SqliteCommand.PrepareAndEnumerateStatements()+MoveNext()
   at Microsoft.Data.Sqlite.SqliteCommand.GetStatements()+MoveNext()
   at Microsoft.Data.Sqlite.SqliteDataReader.NextResult()
   at Microsoft.Data.Sqlite.SqliteCommand.ExecuteReader(CommandBehavior behavior)
   at Microsoft.Data.Sqlite.SqliteCommand.ExecuteReaderAsync(CommandBehavior behavior, CancellationToken cancellationToken)
   at Microsoft.Data.Sqlite.SqliteCommand.ExecuteDbDataReaderAsync(CommandBehavior behavior, CancellationToken cancellationToken)
   at Microsoft.EntityFrameworkCore.Storage.RelationalCommand.ExecuteReaderAsync(RelationalCommandParameterObject parameterObject, CancellationToken cancellationToken)
   at Microsoft.EntityFrameworkCore.Storage.RelationalCommand.ExecuteReaderAsync(RelationalCommandParameterObject parameterObject, CancellationToken cancellationToken)
   at Microsoft.EntityFrameworkCore.Query.Internal.SingleQueryingEnumerable`1.AsyncEnumerator.InitializeReaderAsync(AsyncEnumerator enumerator, CancellationToken cancellationToken)
   at Microsoft.EntityFrameworkCore.Query.Internal.SingleQueryingEnumerable`1.AsyncEnumerator.MoveNextAsync()
   at Microsoft.EntityFrameworkCore.Query.ShapedQueryCompilingExpressionVisitor.SingleOrDefaultAsync[TSource](IAsyncEnumerable`1 asyncEnumerable, CancellationToken cancellationToken)
   at Microsoft.EntityFrameworkCore.Query.ShapedQueryCompilingExpressionVisitor.SingleOrDefaultAsync[TSource](IAsyncEnumerable`1 asyncEnumerable, CancellationToken cancellationToken)
   at Microsoft.AspNetCore.Identity.UserManager`1.FindByNameAsync(String userName)
   at Microsoft.AspNetCore.Identity.SignInManager`1.PasswordSignInAsync(String userName, String password, Boolean isPersistent, Boolean lockoutOnFailure)
   at InvoiceProcessingWebApp.Pages.Account.LoginModel.OnPostAsync(String returnUrl) in C:\Users\saldubey\InvoiceProcessingWebApp\Pages\Account\Login.cshtml.cs:line 46
   at Microsoft.AspNetCore.Mvc.RazorPages.Infrastructure.ExecutorFactory.GenericTaskHandlerMethod.Convert[T](Object taskAsObject)
   at Microsoft.AspNetCore.Mvc.RazorPages.Infrastructure.ExecutorFactory.GenericTaskHandlerMethod.Execute(Object receiver, Object[] arguments)
   at Microsoft.AspNetCore.Mvc.RazorPages.Infrastructure.PageActionInvoker.InvokeHandlerMethodAsync()
   at Microsoft.AspNetCore.Mvc.RazorPages.Infrastructure.PageActionInvoker.InvokeNextPageFilterAsync()
   at Microsoft.AspNetCore.Mvc.RazorPages.Infrastructure.PageActionInvoker.Rethrow(PageHandlerExecutedContext context)
   at Microsoft.AspNetCore.Mvc.RazorPages.Infrastructure.PageActionInvoker.Next(State& next, Scope& scope, Object& state, Boolean& isCompleted)
   at Microsoft.AspNetCore.Mvc.RazorPages.Infrastructure.PageActionInvoker.InvokeInnerFilterAsync()
   at Microsoft.AspNetCore.Mvc.Infrastructure.ResourceInvoker.<InvokeNextResourceFilter>g__Awaited|25_0(ResourceInvoker invoker, Task lastTask, State next, Scope scope, Object state, Boolean isCompleted)
   at Microsoft.AspNetCore.Mvc.Infrastructure.ResourceInvoker.Rethrow(ResourceExecutedContextSealed context)
   at Microsoft.AspNetCore.Mvc.Infrastructure.ResourceInvoker.Next(State& next, Scope& scope, Object& state, Boolean& isCompleted)
   at Microsoft.AspNetCore.Mvc.Infrastructure.ResourceInvoker.InvokeFilterPipelineAsync()
--- End of stack trace from previous location ---
   at Microsoft.AspNetCore.Mvc.Infrastructure.ResourceInvoker.<InvokeAsync>g__Logged|17_1(ResourceInvoker invoker)
   at Microsoft.AspNetCore.Mvc.Infrastructure.ResourceInvoker.<InvokeAsync>g__Logged|17_1(ResourceInvoker invoker)
   at Microsoft.AspNetCore.Routing.EndpointMiddleware.<Invoke>g__AwaitRequestTask|7_0(Endpoint endpoint, Task requestTask, ILogger logger)
   at Serilog.AspNetCore.RequestLoggingMiddleware.Invoke(HttpContext httpContext)
2026-05-21 11:29:04.274 +05:30 [ERR] An unhandled exception has occurred while executing the request.
Microsoft.Data.Sqlite.SqliteException (0x80004005): SQLite Error 1: 'no such table: AspNetUsers'.
   at Microsoft.Data.Sqlite.SqliteException.ThrowExceptionForRC(Int32 rc, sqlite3 db)
   at Microsoft.Data.Sqlite.SqliteCommand.PrepareAndEnumerateStatements()+MoveNext()
   at Microsoft.Data.Sqlite.SqliteCommand.GetStatements()+MoveNext()
   at Microsoft.Data.Sqlite.SqliteDataReader.NextResult()
   at Microsoft.Data.Sqlite.SqliteCommand.ExecuteReader(CommandBehavior behavior)
   at Microsoft.Data.Sqlite.SqliteCommand.ExecuteReaderAsync(CommandBehavior behavior, CancellationToken cancellationToken)
   at Microsoft.Data.Sqlite.SqliteCommand.ExecuteDbDataReaderAsync(CommandBehavior behavior, CancellationToken cancellationToken)
   at Microsoft.EntityFrameworkCore.Storage.RelationalCommand.ExecuteReaderAsync(RelationalCommandParameterObject parameterObject, CancellationToken cancellationToken)
   at Microsoft.EntityFrameworkCore.Storage.RelationalCommand.ExecuteReaderAsync(RelationalCommandParameterObject parameterObject, CancellationToken cancellationToken)
   at Microsoft.EntityFrameworkCore.Query.Internal.SingleQueryingEnumerable`1.AsyncEnumerator.InitializeReaderAsync(AsyncEnumerator enumerator, CancellationToken cancellationToken)
   at Microsoft.EntityFrameworkCore.Query.Internal.SingleQueryingEnumerable`1.AsyncEnumerator.MoveNextAsync()
   at Microsoft.EntityFrameworkCore.Query.ShapedQueryCompilingExpressionVisitor.SingleOrDefaultAsync[TSource](IAsyncEnumerable`1 asyncEnumerable, CancellationToken cancellationToken)
   at Microsoft.EntityFrameworkCore.Query.ShapedQueryCompilingExpressionVisitor.SingleOrDefaultAsync[TSource](IAsyncEnumerable`1 asyncEnumerable, CancellationToken cancellationToken)
   at Microsoft.AspNetCore.Identity.UserManager`1.FindByNameAsync(String userName)
   at Microsoft.AspNetCore.Identity.SignInManager`1.PasswordSignInAsync(String userName, String password, Boolean isPersistent, Boolean lockoutOnFailure)
   at InvoiceProcessingWebApp.Pages.Account.LoginModel.OnPostAsync(String returnUrl) in C:\Users\saldubey\InvoiceProcessingWebApp\Pages\Account\Login.cshtml.cs:line 46
   at Microsoft.AspNetCore.Mvc.RazorPages.Infrastructure.ExecutorFactory.GenericTaskHandlerMethod.Convert[T](Object taskAsObject)
   at Microsoft.AspNetCore.Mvc.RazorPages.Infrastructure.ExecutorFactory.GenericTaskHandlerMethod.Execute(Object receiver, Object[] arguments)
   at Microsoft.AspNetCore.Mvc.RazorPages.Infrastructure.PageActionInvoker.InvokeHandlerMethodAsync()
   at Microsoft.AspNetCore.Mvc.RazorPages.Infrastructure.PageActionInvoker.InvokeNextPageFilterAsync()
   at Microsoft.AspNetCore.Mvc.RazorPages.Infrastructure.PageActionInvoker.Rethrow(PageHandlerExecutedContext context)
   at Microsoft.AspNetCore.Mvc.RazorPages.Infrastructure.PageActionInvoker.Next(State& next, Scope& scope, Object& state, Boolean& isCompleted)
   at Microsoft.AspNetCore.Mvc.RazorPages.Infrastructure.PageActionInvoker.InvokeInnerFilterAsync()
   at Microsoft.AspNetCore.Mvc.Infrastructure.ResourceInvoker.<InvokeNextResourceFilter>g__Awaited|25_0(ResourceInvoker invoker, Task lastTask, State next, Scope scope, Object state, Boolean isCompleted)
   at Microsoft.AspNetCore.Mvc.Infrastructure.ResourceInvoker.Rethrow(ResourceExecutedContextSealed context)
   at Microsoft.AspNetCore.Mvc.Infrastructure.ResourceInvoker.Next(State& next, Scope& scope, Object& state, Boolean& isCompleted)
   at Microsoft.AspNetCore.Mvc.Infrastructure.ResourceInvoker.InvokeFilterPipelineAsync()
--- End of stack trace from previous location ---
   at Microsoft.AspNetCore.Mvc.Infrastructure.ResourceInvoker.<InvokeAsync>g__Logged|17_1(ResourceInvoker invoker)
   at Microsoft.AspNetCore.Mvc.Infrastructure.ResourceInvoker.<InvokeAsync>g__Logged|17_1(ResourceInvoker invoker)
   at Microsoft.AspNetCore.Routing.EndpointMiddleware.<Invoke>g__AwaitRequestTask|7_0(Endpoint endpoint, Task requestTask, ILogger logger)
   at Serilog.AspNetCore.RequestLoggingMiddleware.Invoke(HttpContext httpContext)
   at Microsoft.AspNetCore.Authorization.AuthorizationMiddleware.Invoke(HttpContext context)
   at Microsoft.AspNetCore.Authentication.AuthenticationMiddleware.Invoke(HttpContext context)
   at Program.<>c.<<<Main>$>b__0_5>d.MoveNext() in C:\Users\saldubey\InvoiceProcessingWebApp\Program.cs:line 95
--- End of stack trace from previous location ---
   at Microsoft.AspNetCore.Diagnostics.DeveloperExceptionPageMiddlewareImpl.Invoke(HttpContext context)
2026-05-21 11:29:04.362 +05:30 [INF] Request finished HTTP/1.1 POST http://localhost:5113/Account/Login?ReturnUrl=%2FChat - 500 null text/html; charset=utf-8 3665.5729ms
2026-05-21 11:29:07.014 +05:30 [INF] Request starting HTTP/1.1 GET http://localhost:5113/Account/Login?ReturnUrl=%2FChat - null null
2026-05-21 11:29:07.192 +05:30 [INF] Executing endpoint '/Account/Login'
2026-05-21 11:29:07.200 +05:30 [INF] Route matched with {page = "/Account/Login"}. Executing page /Account/Login
2026-05-21 11:29:07.420 +05:30 [INF] Executing handler method InvoiceProcessingWebApp.Pages.Account.LoginModel.OnGet - ModelState is "Valid"
2026-05-21 11:29:07.424 +05:30 [INF] Executed handler method OnGet, returned result .
2026-05-21 11:29:07.435 +05:30 [INF] Executing an implicit handler method - ModelState is "Valid"
2026-05-21 11:29:07.438 +05:30 [INF] Executed an implicit handler method, returned result Microsoft.AspNetCore.Mvc.RazorPages.PageResult.
2026-05-21 11:29:07.620 +05:30 [INF] Executed page /Account/Login in 202.0547ms
2026-05-21 11:29:08.226 +05:30 [INF] Executed endpoint '/Account/Login'
2026-05-21 11:29:08.479 +05:30 [INF] HTTP GET /Account/Login responded 200 in 1286.4267 ms
2026-05-21 11:29:08.551 +05:30 [INF] Request finished HTTP/1.1 GET http://localhost:5113/Account/Login?ReturnUrl=%2FChat - 200 null text/html; charset=utf-8 1537.183ms
2026-05-21 11:29:13.609 +05:30 [INF] Request starting HTTP/1.1 GET http://localhost:5113/Account/Register - null null
2026-05-21 11:29:13.618 +05:30 [INF] Executing endpoint '/Account/Register'
2026-05-21 11:29:13.649 +05:30 [INF] Route matched with {page = "/Account/Register"}. Executing page /Account/Register
2026-05-21 11:29:13.653 +05:30 [INF] Executing an implicit handler method - ModelState is "Valid"
2026-05-21 11:29:13.654 +05:30 [INF] Executed an implicit handler method, returned result Microsoft.AspNetCore.Mvc.RazorPages.PageResult.
2026-05-21 11:29:13.697 +05:30 [INF] Executed page /Account/Register in 45.6639ms
2026-05-21 11:29:13.700 +05:30 [INF] Executed endpoint '/Account/Register'
2026-05-21 11:29:13.702 +05:30 [INF] HTTP GET /Account/Register responded 200 in 84.5720 ms
2026-05-21 11:29:13.706 +05:30 [INF] Request finished HTTP/1.1 GET http://localhost:5113/Account/Register - 200 null text/html; charset=utf-8 96.9891ms
2026-05-21 11:29:27.886 +05:30 [INF] Request starting HTTP/1.1 POST http://localhost:5113/Account/Register - application/x-www-form-urlencoded 303
2026-05-21 11:29:27.894 +05:30 [INF] Executing endpoint '/Account/Register'
2026-05-21 11:29:27.896 +05:30 [INF] Route matched with {page = "/Account/Register"}. Executing page /Account/Register
2026-05-21 11:29:27.901 +05:30 [INF] Executing handler method InvoiceProcessingWebApp.Pages.Account.RegisterModel.OnPostAsync - ModelState is "Valid"
2026-05-21 11:29:28.052 +05:30 [ERR] Failed executing DbCommand (0ms) [Parameters=[@normalizedUserName='?' (Size = 23)], CommandType='"Text"', CommandTimeout='30']
SELECT "a"."Id", "a"."AccessFailedCount", "a"."ConcurrencyStamp", "a"."Email", "a"."EmailConfirmed", "a"."LockoutEnabled", "a"."LockoutEnd", "a"."NormalizedEmail", "a"."NormalizedUserName", "a"."PasswordHash", "a"."PhoneNumber", "a"."PhoneNumberConfirmed", "a"."SecurityStamp", "a"."TwoFactorEnabled", "a"."UserName"
FROM "AspNetUsers" AS "a"
WHERE "a"."NormalizedUserName" = @normalizedUserName
LIMIT 1
2026-05-21 11:29:28.057 +05:30 [ERR] An exception occurred while iterating over the results of a query for context type 'InvoiceProcessingWebApp.Data.AppDbContext'.
Microsoft.Data.Sqlite.SqliteException (0x80004005): SQLite Error 1: 'no such table: AspNetUsers'.
   at Microsoft.Data.Sqlite.SqliteException.ThrowExceptionForRC(Int32 rc, sqlite3 db)
   at Microsoft.Data.Sqlite.SqliteCommand.PrepareAndEnumerateStatements()+MoveNext()
   at Microsoft.Data.Sqlite.SqliteCommand.GetStatements()+MoveNext()
   at Microsoft.Data.Sqlite.SqliteDataReader.NextResult()
   at Microsoft.Data.Sqlite.SqliteCommand.ExecuteReader(CommandBehavior behavior)
   at Microsoft.Data.Sqlite.SqliteCommand.ExecuteReaderAsync(CommandBehavior behavior, CancellationToken cancellationToken)
   at Microsoft.Data.Sqlite.SqliteCommand.ExecuteDbDataReaderAsync(CommandBehavior behavior, CancellationToken cancellationToken)
   at Microsoft.EntityFrameworkCore.Storage.RelationalCommand.ExecuteReaderAsync(RelationalCommandParameterObject parameterObject, CancellationToken cancellationToken)
   at Microsoft.EntityFrameworkCore.Storage.RelationalCommand.ExecuteReaderAsync(RelationalCommandParameterObject parameterObject, CancellationToken cancellationToken)
   at Microsoft.EntityFrameworkCore.Query.Internal.SingleQueryingEnumerable`1.AsyncEnumerator.InitializeReaderAsync(AsyncEnumerator enumerator, CancellationToken cancellationToken)
   at Microsoft.EntityFrameworkCore.Query.Internal.SingleQueryingEnumerable`1.AsyncEnumerator.MoveNextAsync()
Microsoft.Data.Sqlite.SqliteException (0x80004005): SQLite Error 1: 'no such table: AspNetUsers'.
   at Microsoft.Data.Sqlite.SqliteException.ThrowExceptionForRC(Int32 rc, sqlite3 db)
   at Microsoft.Data.Sqlite.SqliteCommand.PrepareAndEnumerateStatements()+MoveNext()
   at Microsoft.Data.Sqlite.SqliteCommand.GetStatements()+MoveNext()
   at Microsoft.Data.Sqlite.SqliteDataReader.NextResult()
   at Microsoft.Data.Sqlite.SqliteCommand.ExecuteReader(CommandBehavior behavior)
   at Microsoft.Data.Sqlite.SqliteCommand.ExecuteReaderAsync(CommandBehavior behavior, CancellationToken cancellationToken)
   at Microsoft.Data.Sqlite.SqliteCommand.ExecuteDbDataReaderAsync(CommandBehavior behavior, CancellationToken cancellationToken)
   at Microsoft.EntityFrameworkCore.Storage.RelationalCommand.ExecuteReaderAsync(RelationalCommandParameterObject parameterObject, CancellationToken cancellationToken)
   at Microsoft.EntityFrameworkCore.Storage.RelationalCommand.ExecuteReaderAsync(RelationalCommandParameterObject parameterObject, CancellationToken cancellationToken)
   at Microsoft.EntityFrameworkCore.Query.Internal.SingleQueryingEnumerable`1.AsyncEnumerator.InitializeReaderAsync(AsyncEnumerator enumerator, CancellationToken cancellationToken)
   at Microsoft.EntityFrameworkCore.Query.Internal.SingleQueryingEnumerable`1.AsyncEnumerator.MoveNextAsync()
2026-05-21 11:29:28.067 +05:30 [INF] Executed page /Account/Register in 169.4552ms
2026-05-21 11:29:28.069 +05:30 [INF] Executed endpoint '/Account/Register'
2026-05-21 11:29:28.071 +05:30 [ERR] HTTP POST /Account/Register responded 500 in 177.7377 ms
Microsoft.Data.Sqlite.SqliteException (0x80004005): SQLite Error 1: 'no such table: AspNetUsers'.
   at Microsoft.Data.Sqlite.SqliteException.ThrowExceptionForRC(Int32 rc, sqlite3 db)
   at Microsoft.Data.Sqlite.SqliteCommand.PrepareAndEnumerateStatements()+MoveNext()
   at Microsoft.Data.Sqlite.SqliteCommand.GetStatements()+MoveNext()
   at Microsoft.Data.Sqlite.SqliteDataReader.NextResult()
   at Microsoft.Data.Sqlite.SqliteCommand.ExecuteReader(CommandBehavior behavior)
   at Microsoft.Data.Sqlite.SqliteCommand.ExecuteReaderAsync(CommandBehavior behavior, CancellationToken cancellationToken)
   at Microsoft.Data.Sqlite.SqliteCommand.ExecuteDbDataReaderAsync(CommandBehavior behavior, CancellationToken cancellationToken)
   at Microsoft.EntityFrameworkCore.Storage.RelationalCommand.ExecuteReaderAsync(RelationalCommandParameterObject parameterObject, CancellationToken cancellationToken)
   at Microsoft.EntityFrameworkCore.Storage.RelationalCommand.ExecuteReaderAsync(RelationalCommandParameterObject parameterObject, CancellationToken cancellationToken)
   at Microsoft.EntityFrameworkCore.Query.Internal.SingleQueryingEnumerable`1.AsyncEnumerator.InitializeReaderAsync(AsyncEnumerator enumerator, CancellationToken cancellationToken)
   at Microsoft.EntityFrameworkCore.Query.Internal.SingleQueryingEnumerable`1.AsyncEnumerator.MoveNextAsync()
   at Microsoft.EntityFrameworkCore.Query.ShapedQueryCompilingExpressionVisitor.SingleOrDefaultAsync[TSource](IAsyncEnumerable`1 asyncEnumerable, CancellationToken cancellationToken)
   at Microsoft.EntityFrameworkCore.Query.ShapedQueryCompilingExpressionVisitor.SingleOrDefaultAsync[TSource](IAsyncEnumerable`1 asyncEnumerable, CancellationToken cancellationToken)
   at Microsoft.AspNetCore.Identity.UserManager`1.FindByNameAsync(String userName)
   at Microsoft.AspNetCore.Identity.UserValidator`1.ValidateUserName(UserManager`1 manager, TUser user)
   at Microsoft.AspNetCore.Identity.UserValidator`1.ValidateAsync(UserManager`1 manager, TUser user)
   at Microsoft.AspNetCore.Identity.UserManager`1.ValidateUserAsync(TUser user)
   at Microsoft.AspNetCore.Identity.UserManager`1.CreateCoreAsync(TUser user)
   at Microsoft.AspNetCore.Identity.UserManager`1.CreateAsync(TUser user)
   at Microsoft.AspNetCore.Identity.UserManager`1.CreateAsync(TUser user, String password)
   at InvoiceProcessingWebApp.Pages.Account.RegisterModel.OnPostAsync() in C:\Users\saldubey\InvoiceProcessingWebApp\Pages\Account\Register.cshtml.cs:line 45
   at Microsoft.AspNetCore.Mvc.RazorPages.Infrastructure.ExecutorFactory.GenericTaskHandlerMethod.Convert[T](Object taskAsObject)
   at Microsoft.AspNetCore.Mvc.RazorPages.Infrastructure.ExecutorFactory.GenericTaskHandlerMethod.Execute(Object receiver, Object[] arguments)
   at Microsoft.AspNetCore.Mvc.RazorPages.Infrastructure.PageActionInvoker.InvokeHandlerMethodAsync()
   at Microsoft.AspNetCore.Mvc.RazorPages.Infrastructure.PageActionInvoker.InvokeNextPageFilterAsync()
   at Microsoft.AspNetCore.Mvc.RazorPages.Infrastructure.PageActionInvoker.Rethrow(PageHandlerExecutedContext context)
   at Microsoft.AspNetCore.Mvc.RazorPages.Infrastructure.PageActionInvoker.Next(State& next, Scope& scope, Object& state, Boolean& isCompleted)
   at Microsoft.AspNetCore.Mvc.RazorPages.Infrastructure.PageActionInvoker.InvokeInnerFilterAsync()
   at Microsoft.AspNetCore.Mvc.Infrastructure.ResourceInvoker.<InvokeNextResourceFilter>g__Awaited|25_0(ResourceInvoker invoker, Task lastTask, State next, Scope scope, Object state, Boolean isCompleted)
   at Microsoft.AspNetCore.Mvc.Infrastructure.ResourceInvoker.Rethrow(ResourceExecutedContextSealed context)
   at Microsoft.AspNetCore.Mvc.Infrastructure.ResourceInvoker.Next(State& next, Scope& scope, Object& state, Boolean& isCompleted)
   at Microsoft.AspNetCore.Mvc.Infrastructure.ResourceInvoker.InvokeFilterPipelineAsync()
--- End of stack trace from previous location ---
   at Microsoft.AspNetCore.Mvc.Infrastructure.ResourceInvoker.<InvokeAsync>g__Logged|17_1(ResourceInvoker invoker)
   at Microsoft.AspNetCore.Mvc.Infrastructure.ResourceInvoker.<InvokeAsync>g__Logged|17_1(ResourceInvoker invoker)
   at Microsoft.AspNetCore.Routing.EndpointMiddleware.<Invoke>g__AwaitRequestTask|7_0(Endpoint endpoint, Task requestTask, ILogger logger)
   at Serilog.AspNetCore.RequestLoggingMiddleware.Invoke(HttpContext httpContext)
2026-05-21 11:29:28.095 +05:30 [ERR] An unhandled exception has occurred while executing the request.
Microsoft.Data.Sqlite.SqliteException (0x80004005): SQLite Error 1: 'no such table: AspNetUsers'.
   at Microsoft.Data.Sqlite.SqliteException.ThrowExceptionForRC(Int32 rc, sqlite3 db)
   at Microsoft.Data.Sqlite.SqliteCommand.PrepareAndEnumerateStatements()+MoveNext()
   at Microsoft.Data.Sqlite.SqliteCommand.GetStatements()+MoveNext()
   at Microsoft.Data.Sqlite.SqliteDataReader.NextResult()
   at Microsoft.Data.Sqlite.SqliteCommand.ExecuteReader(CommandBehavior behavior)
   at Microsoft.Data.Sqlite.SqliteCommand.ExecuteReaderAsync(CommandBehavior behavior, CancellationToken cancellationToken)
   at Microsoft.Data.Sqlite.SqliteCommand.ExecuteDbDataReaderAsync(CommandBehavior behavior, CancellationToken cancellationToken)
   at Microsoft.EntityFrameworkCore.Storage.RelationalCommand.ExecuteReaderAsync(RelationalCommandParameterObject parameterObject, CancellationToken cancellationToken)
   at Microsoft.EntityFrameworkCore.Storage.RelationalCommand.ExecuteReaderAsync(RelationalCommandParameterObject parameterObject, CancellationToken cancellationToken)
   at Microsoft.EntityFrameworkCore.Query.Internal.SingleQueryingEnumerable`1.AsyncEnumerator.InitializeReaderAsync(AsyncEnumerator enumerator, CancellationToken cancellationToken)
   at Microsoft.EntityFrameworkCore.Query.Internal.SingleQueryingEnumerable`1.AsyncEnumerator.MoveNextAsync()
   at Microsoft.EntityFrameworkCore.Query.ShapedQueryCompilingExpressionVisitor.SingleOrDefaultAsync[TSource](IAsyncEnumerable`1 asyncEnumerable, CancellationToken cancellationToken)
   at Microsoft.EntityFrameworkCore.Query.ShapedQueryCompilingExpressionVisitor.SingleOrDefaultAsync[TSource](IAsyncEnumerable`1 asyncEnumerable, CancellationToken cancellationToken)
   at Microsoft.AspNetCore.Identity.UserManager`1.FindByNameAsync(String userName)
   at Microsoft.AspNetCore.Identity.UserValidator`1.ValidateUserName(UserManager`1 manager, TUser user)
   at Microsoft.AspNetCore.Identity.UserValidator`1.ValidateAsync(UserManager`1 manager, TUser user)
   at Microsoft.AspNetCore.Identity.UserManager`1.ValidateUserAsync(TUser user)
   at Microsoft.AspNetCore.Identity.UserManager`1.CreateCoreAsync(TUser user)
   at Microsoft.AspNetCore.Identity.UserManager`1.CreateAsync(TUser user)
   at Microsoft.AspNetCore.Identity.UserManager`1.CreateAsync(TUser user, String password)
   at InvoiceProcessingWebApp.Pages.Account.RegisterModel.OnPostAsync() in C:\Users\saldubey\InvoiceProcessingWebApp\Pages\Account\Register.cshtml.cs:line 45
   at Microsoft.AspNetCore.Mvc.RazorPages.Infrastructure.ExecutorFactory.GenericTaskHandlerMethod.Convert[T](Object taskAsObject)
   at Microsoft.AspNetCore.Mvc.RazorPages.Infrastructure.ExecutorFactory.GenericTaskHandlerMethod.Execute(Object receiver, Object[] arguments)
   at Microsoft.AspNetCore.Mvc.RazorPages.Infrastructure.PageActionInvoker.InvokeHandlerMethodAsync()
   at Microsoft.AspNetCore.Mvc.RazorPages.Infrastructure.PageActionInvoker.InvokeNextPageFilterAsync()
   at Microsoft.AspNetCore.Mvc.RazorPages.Infrastructure.PageActionInvoker.Rethrow(PageHandlerExecutedContext context)
   at Microsoft.AspNetCore.Mvc.RazorPages.Infrastructure.PageActionInvoker.Next(State& next, Scope& scope, Object& state, Boolean& isCompleted)
   at Microsoft.AspNetCore.Mvc.RazorPages.Infrastructure.PageActionInvoker.InvokeInnerFilterAsync()
   at Microsoft.AspNetCore.Mvc.Infrastructure.ResourceInvoker.<InvokeNextResourceFilter>g__Awaited|25_0(ResourceInvoker invoker, Task lastTask, State next, Scope scope, Object state, Boolean isCompleted)
   at Microsoft.AspNetCore.Mvc.Infrastructure.ResourceInvoker.Rethrow(ResourceExecutedContextSealed context)
   at Microsoft.AspNetCore.Mvc.Infrastructure.ResourceInvoker.Next(State& next, Scope& scope, Object& state, Boolean& isCompleted)
   at Microsoft.AspNetCore.Mvc.Infrastructure.ResourceInvoker.InvokeFilterPipelineAsync()
--- End of stack trace from previous location ---
   at Microsoft.AspNetCore.Mvc.Infrastructure.ResourceInvoker.<InvokeAsync>g__Logged|17_1(ResourceInvoker invoker)
   at Microsoft.AspNetCore.Mvc.Infrastructure.ResourceInvoker.<InvokeAsync>g__Logged|17_1(ResourceInvoker invoker)
   at Microsoft.AspNetCore.Routing.EndpointMiddleware.<Invoke>g__AwaitRequestTask|7_0(Endpoint endpoint, Task requestTask, ILogger logger)
   at Serilog.AspNetCore.RequestLoggingMiddleware.Invoke(HttpContext httpContext)
   at Microsoft.AspNetCore.Authorization.AuthorizationMiddleware.Invoke(HttpContext context)
   at Microsoft.AspNetCore.Authentication.AuthenticationMiddleware.Invoke(HttpContext context)
   at Program.<>c.<<<Main>$>b__0_5>d.MoveNext() in C:\Users\saldubey\InvoiceProcessingWebApp\Program.cs:line 95
--- End of stack trace from previous location ---
   at Microsoft.AspNetCore.Diagnostics.DeveloperExceptionPageMiddlewareImpl.Invoke(HttpContext context)
2026-05-21 11:29:28.129 +05:30 [INF] Request finished HTTP/1.1 POST http://localhost:5113/Account/Register - 500 null text/html; charset=utf-8 243.3996ms
2026-05-21 11:33:24.995 +05:30 [INF] Application is shutting down...
2026-05-21 11:35:30.410 +05:30 [INF] Starting Invoxa application
2026-05-21 11:35:30.999 +05:30 [FTL] Invoxa application failed to start
Microsoft.Extensions.Hosting.HostAbortedException: The host was aborted.
   at Microsoft.Extensions.Hosting.HostFactoryResolver.HostingListener.ThrowHostAborted()
   at Microsoft.Extensions.Hosting.HostFactoryResolver.HostingListener.OnNext(KeyValuePair`2 value)
   at System.Diagnostics.DiagnosticListener.Write(String name, Object value)
   at Microsoft.Extensions.Hosting.HostBuilder.ResolveHost(IServiceProvider serviceProvider, DiagnosticListener diagnosticListener)
   at Microsoft.Extensions.Hosting.HostApplicationBuilder.Build()
   at Microsoft.AspNetCore.Builder.WebApplicationBuilder.Build()
   at Program.<Main>$(String[] args) in C:\Users\saldubey\InvoiceProcessingWebApp\Program.cs:line 70
2026-05-21 11:35:58.228 +05:30 [INF] Starting Invoxa application
2026-05-21 11:35:58.861 +05:30 [FTL] Invoxa application failed to start
Microsoft.Extensions.Hosting.HostAbortedException: The host was aborted.
   at Microsoft.Extensions.Hosting.HostFactoryResolver.HostingListener.ThrowHostAborted()
   at Microsoft.Extensions.Hosting.HostFactoryResolver.HostingListener.OnNext(KeyValuePair`2 value)
   at System.Diagnostics.DiagnosticListener.Write(String name, Object value)
   at Microsoft.Extensions.Hosting.HostBuilder.ResolveHost(IServiceProvider serviceProvider, DiagnosticListener diagnosticListener)
   at Microsoft.Extensions.Hosting.HostApplicationBuilder.Build()
   at Microsoft.AspNetCore.Builder.WebApplicationBuilder.Build()
   at Program.<Main>$(String[] args) in C:\Users\saldubey\InvoiceProcessingWebApp\Program.cs:line 70
2026-05-21 11:43:48.253 +05:30 [INF] Starting Invoxa application
2026-05-21 11:43:50.978 +05:30 [INF] Acquiring an exclusive lock for migration application. See https://aka.ms/efcore-docs-migrations-lock for more information if this takes too long.
2026-05-21 11:43:51.035 +05:30 [INF] Executed DbCommand (29ms) [Parameters=[], CommandType='"Text"', CommandTimeout='30']
SELECT COUNT(*) FROM "sqlite_master" WHERE "name" = '__EFMigrationsLock' AND "type" = 'table';
2026-05-21 11:43:51.059 +05:30 [INF] Executed DbCommand (7ms) [Parameters=[], CommandType='"Text"', CommandTimeout='30']
INSERT OR IGNORE INTO "__EFMigrationsLock"("Id", "Timestamp") VALUES(1, '2026-05-21 06:13:51.050948+00:00');
SELECT changes();
2026-05-21 11:43:51.198 +05:30 [INF] Executed DbCommand (1ms) [Parameters=[], CommandType='"Text"', CommandTimeout='30']
CREATE TABLE IF NOT EXISTS "__EFMigrationsHistory" (
    "MigrationId" TEXT NOT NULL CONSTRAINT "PK___EFMigrationsHistory" PRIMARY KEY,
    "ProductVersion" TEXT NOT NULL
);
2026-05-21 11:43:51.217 +05:30 [INF] Executed DbCommand (0ms) [Parameters=[], CommandType='"Text"', CommandTimeout='30']
SELECT COUNT(*) FROM "sqlite_master" WHERE "name" = '__EFMigrationsHistory' AND "type" = 'table';
2026-05-21 11:43:51.228 +05:30 [INF] Executed DbCommand (2ms) [Parameters=[], CommandType='"Text"', CommandTimeout='30']
SELECT "MigrationId", "ProductVersion"
FROM "__EFMigrationsHistory"
ORDER BY "MigrationId";
2026-05-21 11:43:51.248 +05:30 [INF] No migrations were applied. The database is already up to date.
2026-05-21 11:43:51.252 +05:30 [INF] Executed DbCommand (2ms) [Parameters=[], CommandType='"Text"', CommandTimeout='30']
DELETE FROM "__EFMigrationsLock";
2026-05-21 11:43:51.402 +05:30 [INF] User profile is available. Using 'C:\Users\saldubey\AppData\Local\ASP.NET\DataProtection-Keys' as key repository and Windows DPAPI to encrypt keys at rest.
2026-05-21 11:43:51.652 +05:30 [INF] Now listening on: http://localhost:5113
2026-05-21 11:43:51.679 +05:30 [INF] Application started. Press Ctrl+C to shut down.
2026-05-21 11:43:51.687 +05:30 [INF] Hosting environment: Development
2026-05-21 11:43:51.691 +05:30 [INF] Content root path: C:\Users\saldubey\InvoiceProcessingWebApp
2026-05-21 11:43:55.853 +05:30 [INF] Request starting HTTP/1.1 GET http://localhost:5113/ - null null
2026-05-21 11:43:55.939 +05:30 [WRN] Failed to determine the https port for redirect.
2026-05-21 11:43:56.030 +05:30 [INF] Executing endpoint '/Index'
2026-05-21 11:43:56.095 +05:30 [INF] Route matched with {page = "/Index"}. Executing page /Index
2026-05-21 11:43:56.118 +05:30 [INF] Executing handler method InvoiceProcessingWebApp.Pages.IndexModel.OnGet - ModelState is "Valid"
2026-05-21 11:43:56.666 +05:30 [INF] Executed DbCommand (0ms) [Parameters=[], CommandType='"Text"', CommandTimeout='30']
SELECT COUNT(*)
FROM "Invoices" AS "i"
2026-05-21 11:43:56.746 +05:30 [INF] Executed DbCommand (0ms) [Parameters=[], CommandType='"Text"', CommandTimeout='30']
SELECT COUNT(*)
FROM "Invoices" AS "i"
WHERE "i"."Status" = 'Approved'
2026-05-21 11:43:56.759 +05:30 [INF] Executed DbCommand (0ms) [Parameters=[], CommandType='"Text"', CommandTimeout='30']
SELECT COUNT(*)
FROM "Invoices" AS "i"
WHERE "i"."Status" = 'Pending'
2026-05-21 11:43:56.781 +05:30 [INF] Executed DbCommand (0ms) [Parameters=[], CommandType='"Text"', CommandTimeout='30']
SELECT EXISTS (
    SELECT 1
    FROM "Invoices" AS "i")
2026-05-21 11:43:56.787 +05:30 [INF] Executed handler method OnGet, returned result .
2026-05-21 11:43:56.796 +05:30 [INF] Executing an implicit handler method - ModelState is "Valid"
2026-05-21 11:43:56.799 +05:30 [INF] Executed an implicit handler method, returned result Microsoft.AspNetCore.Mvc.RazorPages.PageResult.
2026-05-21 11:43:56.959 +05:30 [INF] Executed page /Index in 854.4018ms
2026-05-21 11:43:56.964 +05:30 [INF] Executed endpoint '/Index'
2026-05-21 11:43:56.976 +05:30 [INF] HTTP GET / responded 200 in 943.3946 ms
2026-05-21 11:43:57.016 +05:30 [INF] Request finished HTTP/1.1 GET http://localhost:5113/ - 200 null text/html; charset=utf-8 1167.4392ms
2026-05-21 11:44:01.641 +05:30 [INF] Request starting HTTP/1.1 GET http://localhost:5113/Invoices/Index - null null
2026-05-21 11:44:01.675 +05:30 [INF] Executing endpoint '/Invoices/Index'
2026-05-21 11:44:01.745 +05:30 [INF] Route matched with {page = "/Invoices/Index"}. Executing page /Invoices/Index
2026-05-21 11:44:01.780 +05:30 [INF] Executing handler method InvoiceProcessingWebApp.Pages.Invoices.IndexModel.OnGet - ModelState is "Valid"
2026-05-21 11:44:01.939 +05:30 [INF] Executed DbCommand (0ms) [Parameters=[], CommandType='"Text"', CommandTimeout='30']
SELECT COUNT(*)
FROM "Invoices" AS "i"
2026-05-21 11:44:02.077 +05:30 [INF] Executed DbCommand (8ms) [Parameters=[@p1='?' (DbType = Int32), @p='?' (DbType = Int32)], CommandType='"Text"', CommandTimeout='30']
SELECT "i"."Id", "i"."Amount", "i"."InvoiceDate", "i"."InvoiceNumber", "i"."PurchaseOrderNumber", "i"."Status", "i"."VendorName"
FROM "Invoices" AS "i"
ORDER BY "i"."InvoiceDate" DESC
LIMIT @p1 OFFSET @p
2026-05-21 11:44:02.088 +05:30 [INF] Executed handler method OnGet, returned result .
2026-05-21 11:44:02.093 +05:30 [INF] Executing an implicit handler method - ModelState is "Valid"
2026-05-21 11:44:02.097 +05:30 [INF] Executed an implicit handler method, returned result Microsoft.AspNetCore.Mvc.RazorPages.PageResult.
2026-05-21 11:44:02.145 +05:30 [INF] Executed page /Invoices/Index in 396.3217ms
2026-05-21 11:44:02.181 +05:30 [INF] Executed endpoint '/Invoices/Index'
2026-05-21 11:44:02.233 +05:30 [INF] HTTP GET /Invoices/Index responded 200 in 571.5441 ms
2026-05-21 11:44:02.327 +05:30 [INF] Request finished HTTP/1.1 GET http://localhost:5113/Invoices/Index - 200 null text/html; charset=utf-8 685.307ms
2026-05-21 11:44:05.315 +05:30 [INF] Request starting HTTP/1.1 GET http://localhost:5113/Invoices/Create - null null
2026-05-21 11:44:05.331 +05:30 [INF] Executing endpoint '/Invoices/Create'
2026-05-21 11:44:05.367 +05:30 [INF] Route matched with {page = "/Invoices/Create"}. Executing page /Invoices/Create
2026-05-21 11:44:05.373 +05:30 [INF] Executing handler method InvoiceProcessingWebApp.Pages.Invoices.CreateModel.OnGet - ModelState is "Valid"
2026-05-21 11:44:05.376 +05:30 [INF] Executed handler method OnGet, returned result .
2026-05-21 11:44:05.378 +05:30 [INF] Executing an implicit handler method - ModelState is "Valid"
2026-05-21 11:44:05.380 +05:30 [INF] Executed an implicit handler method, returned result Microsoft.AspNetCore.Mvc.RazorPages.PageResult.
2026-05-21 11:44:05.524 +05:30 [INF] Executed page /Invoices/Create in 152.4129ms
2026-05-21 11:44:05.527 +05:30 [INF] Executed endpoint '/Invoices/Create'
2026-05-21 11:44:05.529 +05:30 [INF] HTTP GET /Invoices/Create responded 200 in 198.6159 ms
2026-05-21 11:44:05.537 +05:30 [INF] Request finished HTTP/1.1 GET http://localhost:5113/Invoices/Create - 200 null text/html; charset=utf-8 221.5152ms
2026-05-21 11:44:08.130 +05:30 [INF] Request starting HTTP/1.1 GET http://localhost:5113/Invoices/Upload - null null
2026-05-21 11:44:08.136 +05:30 [INF] Executing endpoint '/Invoices/Upload'
2026-05-21 11:44:08.158 +05:30 [INF] Route matched with {page = "/Invoices/Upload"}. Executing page /Invoices/Upload
2026-05-21 11:44:08.161 +05:30 [INF] Executing an implicit handler method - ModelState is "Valid"
2026-05-21 11:44:08.164 +05:30 [INF] Executed an implicit handler method, returned result Microsoft.AspNetCore.Mvc.RazorPages.PageResult.
2026-05-21 11:44:08.216 +05:30 [INF] Executed page /Invoices/Upload in 54.8476ms
2026-05-21 11:44:08.289 +05:30 [INF] Executed endpoint '/Invoices/Upload'
2026-05-21 11:44:08.341 +05:30 [INF] HTTP GET /Invoices/Upload responded 200 in 204.5999 ms
2026-05-21 11:44:08.364 +05:30 [INF] Request finished HTTP/1.1 GET http://localhost:5113/Invoices/Upload - 200 null text/html; charset=utf-8 234.599ms
2026-05-21 11:44:10.512 +05:30 [INF] Request starting HTTP/1.1 GET http://localhost:5113/Invoices/Analytics - null null
2026-05-21 11:44:10.519 +05:30 [INF] Executing endpoint '/Invoices/Analytics'
2026-05-21 11:44:10.536 +05:30 [INF] Route matched with {page = "/Invoices/Analytics"}. Executing page /Invoices/Analytics
2026-05-21 11:44:10.545 +05:30 [INF] Executing handler method InvoiceProcessingWebApp.Pages.Invoices.AnalyticsModel.OnGet - ModelState is "Invalid"
2026-05-21 11:44:10.563 +05:30 [WRN] The query uses a row limiting operator ('Skip'/'Take') without an 'OrderBy' operator. This may lead to unpredictable results. If the 'Distinct' operator is used after 'OrderBy', then make sure to use the 'OrderBy' operator after 'Distinct' as the ordering would otherwise get erased.
2026-05-21 11:44:10.564 +05:30 [WRN] The query uses a row limiting operator ('Skip'/'Take') without an 'OrderBy' operator. This may lead to unpredictable results. If the 'Distinct' operator is used after 'OrderBy', then make sure to use the 'OrderBy' operator after 'Distinct' as the ordering would otherwise get erased.
2026-05-21 11:44:10.581 +05:30 [INF] Executed DbCommand (0ms) [Parameters=[@p1='?' (DbType = Int32), @p='?' (DbType = Int32)], CommandType='"Text"', CommandTimeout='30']
SELECT "i"."Id", "i"."Amount", "i"."InvoiceDate", "i"."InvoiceNumber", "i"."PurchaseOrderNumber", "i"."Status", "i"."VendorName"
FROM "Invoices" AS "i"
LIMIT @p1 OFFSET @p
2026-05-21 11:44:10.592 +05:30 [INF] Executed handler method OnGet, returned result .
2026-05-21 11:44:10.599 +05:30 [INF] Executing an implicit handler method - ModelState is "Invalid"
2026-05-21 11:44:10.603 +05:30 [INF] Executed an implicit handler method, returned result Microsoft.AspNetCore.Mvc.RazorPages.PageResult.
2026-05-21 11:44:10.624 +05:30 [INF] Executed page /Invoices/Analytics in 85.293ms
2026-05-21 11:44:10.627 +05:30 [INF] Executed endpoint '/Invoices/Analytics'
2026-05-21 11:44:10.629 +05:30 [INF] HTTP GET /Invoices/Analytics responded 200 in 110.3295 ms
2026-05-21 11:44:10.653 +05:30 [INF] Request finished HTTP/1.1 GET http://localhost:5113/Invoices/Analytics - 200 null text/html; charset=utf-8 141.2706ms
2026-05-21 11:44:12.055 +05:30 [INF] Request starting HTTP/1.1 GET http://localhost:5113/Chat - null null
2026-05-21 11:44:12.073 +05:30 [INF] Authorization failed. These requirements were not met:
DenyAnonymousAuthorizationRequirement: Requires an authenticated user.
2026-05-21 11:44:12.084 +05:30 [INF] AuthenticationScheme: Identity.Application was challenged.
2026-05-21 11:44:12.087 +05:30 [INF] Request finished HTTP/1.1 GET http://localhost:5113/Chat - 302 0 null 32.0584ms
2026-05-21 11:44:12.102 +05:30 [INF] Request starting HTTP/1.1 GET http://localhost:5113/Account/Login?ReturnUrl=%2FChat - null null
2026-05-21 11:44:12.108 +05:30 [INF] Executing endpoint '/Account/Login'
2026-05-21 11:44:12.128 +05:30 [INF] Route matched with {page = "/Account/Login"}. Executing page /Account/Login
2026-05-21 11:44:12.162 +05:30 [INF] Executing handler method InvoiceProcessingWebApp.Pages.Account.LoginModel.OnGet - ModelState is "Valid"
2026-05-21 11:44:12.165 +05:30 [INF] Executed handler method OnGet, returned result .
2026-05-21 11:44:12.169 +05:30 [INF] Executing an implicit handler method - ModelState is "Valid"
2026-05-21 11:44:12.171 +05:30 [INF] Executed an implicit handler method, returned result Microsoft.AspNetCore.Mvc.RazorPages.PageResult.
2026-05-21 11:44:12.218 +05:30 [INF] Executed page /Account/Login in 87.0257ms
2026-05-21 11:44:12.222 +05:30 [INF] Executed endpoint '/Account/Login'
2026-05-21 11:44:12.224 +05:30 [INF] HTTP GET /Account/Login responded 200 in 115.7987 ms
2026-05-21 11:44:12.228 +05:30 [INF] Request finished HTTP/1.1 GET http://localhost:5113/Account/Login?ReturnUrl=%2FChat - 200 null text/html; charset=utf-8 125.9213ms
2026-05-21 11:44:23.863 +05:30 [INF] Request starting HTTP/1.1 GET http://localhost:5113/Account/ForgotPassword - null null
2026-05-21 11:44:23.873 +05:30 [INF] Executing endpoint '/Account/ForgotPassword'
2026-05-21 11:44:23.911 +05:30 [INF] Route matched with {page = "/Account/ForgotPassword"}. Executing page /Account/ForgotPassword
2026-05-21 11:44:23.925 +05:30 [INF] Executing handler method InvoiceProcessingWebApp.Pages.Account.ForgotPasswordModel.OnGet - ModelState is "Valid"
2026-05-21 11:44:23.934 +05:30 [INF] Executed handler method OnGet, returned result .
2026-05-21 11:44:23.937 +05:30 [INF] Executing an implicit handler method - ModelState is "Valid"
2026-05-21 11:44:23.938 +05:30 [INF] Executed an implicit handler method, returned result Microsoft.AspNetCore.Mvc.RazorPages.PageResult.
2026-05-21 11:44:23.990 +05:30 [INF] Executed page /Account/ForgotPassword in 69.2773ms
2026-05-21 11:44:23.992 +05:30 [INF] Executed endpoint '/Account/ForgotPassword'
2026-05-21 11:44:23.997 +05:30 [INF] HTTP GET /Account/ForgotPassword responded 200 in 124.6849 ms
2026-05-21 11:44:24.006 +05:30 [INF] Request finished HTTP/1.1 GET http://localhost:5113/Account/ForgotPassword - 200 null text/html; charset=utf-8 143.0405ms
2026-05-21 11:44:28.192 +05:30 [INF] Request starting HTTP/1.1 POST http://localhost:5113/Account/ForgotPassword - application/x-www-form-urlencoded 238
2026-05-21 11:44:28.202 +05:30 [INF] Executing endpoint '/Account/ForgotPassword'
2026-05-21 11:44:28.204 +05:30 [INF] Route matched with {page = "/Account/ForgotPassword"}. Executing page /Account/ForgotPassword
2026-05-21 11:44:28.256 +05:30 [INF] Executing handler method InvoiceProcessingWebApp.Pages.Account.ForgotPasswordModel.OnPostAsync - ModelState is "Valid"
2026-05-21 11:44:28.342 +05:30 [INF] Executed DbCommand (5ms) [Parameters=[@normalizedEmail='?' (Size = 23)], CommandType='"Text"', CommandTimeout='30']
SELECT "a"."Id", "a"."AccessFailedCount", "a"."ConcurrencyStamp", "a"."Email", "a"."EmailConfirmed", "a"."LockoutEnabled", "a"."LockoutEnd", "a"."NormalizedEmail", "a"."NormalizedUserName", "a"."PasswordHash", "a"."PhoneNumber", "a"."PhoneNumberConfirmed", "a"."SecurityStamp", "a"."TwoFactorEnabled", "a"."UserName"
FROM "AspNetUsers" AS "a"
WHERE "a"."NormalizedEmail" = @normalizedEmail
LIMIT 2
2026-05-21 11:44:28.357 +05:30 [INF] Executed handler method OnPostAsync, returned result Microsoft.AspNetCore.Mvc.RazorPages.PageResult.
2026-05-21 11:44:28.365 +05:30 [INF] Executed page /Account/ForgotPassword in 147.9055ms
2026-05-21 11:44:28.368 +05:30 [INF] Executed endpoint '/Account/ForgotPassword'
2026-05-21 11:44:28.370 +05:30 [INF] HTTP POST /Account/ForgotPassword responded 200 in 167.7355 ms
2026-05-21 11:44:28.374 +05:30 [INF] Request finished HTTP/1.1 POST http://localhost:5113/Account/ForgotPassword - 200 null text/html; charset=utf-8 182.3837ms
2026-05-21 11:44:32.711 +05:30 [INF] Request starting HTTP/1.1 GET http://localhost:5113/Account/Login - null null
2026-05-21 11:44:32.716 +05:30 [INF] Executing endpoint '/Account/Login'
2026-05-21 11:44:32.719 +05:30 [INF] Route matched with {page = "/Account/Login"}. Executing page /Account/Login
2026-05-21 11:44:32.730 +05:30 [INF] Executing handler method InvoiceProcessingWebApp.Pages.Account.LoginModel.OnGet - ModelState is "Valid"
2026-05-21 11:44:32.732 +05:30 [INF] Executed handler method OnGet, returned result .
2026-05-21 11:44:32.735 +05:30 [INF] Executing an implicit handler method - ModelState is "Valid"
2026-05-21 11:44:32.736 +05:30 [INF] Executed an implicit handler method, returned result Microsoft.AspNetCore.Mvc.RazorPages.PageResult.
2026-05-21 11:44:32.747 +05:30 [INF] Executed page /Account/Login in 25.2263ms
2026-05-21 11:44:32.749 +05:30 [INF] Executed endpoint '/Account/Login'
2026-05-21 11:44:32.751 +05:30 [INF] HTTP GET /Account/Login responded 200 in 35.4638 ms
2026-05-21 11:44:32.763 +05:30 [INF] Request finished HTTP/1.1 GET http://localhost:5113/Account/Login - 200 null text/html; charset=utf-8 52.1182ms
2026-05-21 11:44:34.535 +05:30 [INF] Request starting HTTP/1.1 GET http://localhost:5113/Account/Register - null null
2026-05-21 11:44:34.540 +05:30 [INF] Executing endpoint '/Account/Register'
2026-05-21 11:44:34.557 +05:30 [INF] Route matched with {page = "/Account/Register"}. Executing page /Account/Register
2026-05-21 11:44:34.587 +05:30 [INF] Executing an implicit handler method - ModelState is "Valid"
2026-05-21 11:44:34.589 +05:30 [INF] Executed an implicit handler method, returned result Microsoft.AspNetCore.Mvc.RazorPages.PageResult.
2026-05-21 11:44:34.637 +05:30 [INF] Executed page /Account/Register in 77.4999ms
2026-05-21 11:44:34.640 +05:30 [INF] Executed endpoint '/Account/Register'
2026-05-21 11:44:34.642 +05:30 [INF] HTTP GET /Account/Register responded 200 in 102.7631 ms
2026-05-21 11:44:34.649 +05:30 [INF] Request finished HTTP/1.1 GET http://localhost:5113/Account/Register - 200 null text/html; charset=utf-8 113.6862ms
2026-05-21 11:44:50.636 +05:30 [INF] Request starting HTTP/1.1 POST http://localhost:5113/Account/Register - application/x-www-form-urlencoded 307
2026-05-21 11:44:50.642 +05:30 [INF] Executing endpoint '/Account/Register'
2026-05-21 11:44:50.645 +05:30 [INF] Route matched with {page = "/Account/Register"}. Executing page /Account/Register
2026-05-21 11:44:50.659 +05:30 [INF] Executing handler method InvoiceProcessingWebApp.Pages.Account.RegisterModel.OnPostAsync - ModelState is "Valid"
2026-05-21 11:44:50.683 +05:30 [INF] Executed DbCommand (0ms) [Parameters=[@normalizedEmail='?' (Size = 23)], CommandType='"Text"', CommandTimeout='30']
SELECT "a"."Id", "a"."AccessFailedCount", "a"."ConcurrencyStamp", "a"."Email", "a"."EmailConfirmed", "a"."LockoutEnabled", "a"."LockoutEnd", "a"."NormalizedEmail", "a"."NormalizedUserName", "a"."PasswordHash", "a"."PhoneNumber", "a"."PhoneNumberConfirmed", "a"."SecurityStamp", "a"."TwoFactorEnabled", "a"."UserName"
FROM "AspNetUsers" AS "a"
WHERE "a"."NormalizedEmail" = @normalizedEmail
LIMIT 2
2026-05-21 11:44:50.820 +05:30 [INF] Executed DbCommand (0ms) [Parameters=[@normalizedUserName='?' (Size = 23)], CommandType='"Text"', CommandTimeout='30']
SELECT "a"."Id", "a"."AccessFailedCount", "a"."ConcurrencyStamp", "a"."Email", "a"."EmailConfirmed", "a"."LockoutEnabled", "a"."LockoutEnd", "a"."NormalizedEmail", "a"."NormalizedUserName", "a"."PasswordHash", "a"."PhoneNumber", "a"."PhoneNumberConfirmed", "a"."SecurityStamp", "a"."TwoFactorEnabled", "a"."UserName"
FROM "AspNetUsers" AS "a"
WHERE "a"."NormalizedUserName" = @normalizedUserName
LIMIT 1
2026-05-21 11:44:50.826 +05:30 [INF] Executed DbCommand (0ms) [Parameters=[@normalizedEmail='?' (Size = 23)], CommandType='"Text"', CommandTimeout='30']
SELECT "a"."Id", "a"."AccessFailedCount", "a"."ConcurrencyStamp", "a"."Email", "a"."EmailConfirmed", "a"."LockoutEnabled", "a"."LockoutEnd", "a"."NormalizedEmail", "a"."NormalizedUserName", "a"."PasswordHash", "a"."PhoneNumber", "a"."PhoneNumberConfirmed", "a"."SecurityStamp", "a"."TwoFactorEnabled", "a"."UserName"
FROM "AspNetUsers" AS "a"
WHERE "a"."NormalizedEmail" = @normalizedEmail
LIMIT 2
2026-05-21 11:44:51.133 +05:30 [INF] Executed DbCommand (2ms) [Parameters=[@p0='?' (Size = 36), @p1='?' (DbType = Int32), @p2='?' (Size = 36), @p3='?' (Size = 23), @p4='?' (DbType = Boolean), @p5='?' (DbType = Boolean), @p6='?' (DbType = DateTimeOffset), @p7='?' (Size = 23), @p8='?' (Size = 23), @p9='?' (Size = 84), @p10='?', @p11='?' (DbType = Boolean), @p12='?' (Size = 32), @p13='?' (DbType = Boolean), @p14='?' (Size = 23)], CommandType='"Text"', CommandTimeout='30']
INSERT INTO "AspNetUsers" ("Id", "AccessFailedCount", "ConcurrencyStamp", "Email", "EmailConfirmed", "LockoutEnabled", "LockoutEnd", "NormalizedEmail", "NormalizedUserName", "PasswordHash", "PhoneNumber", "PhoneNumberConfirmed", "SecurityStamp", "TwoFactorEnabled", "UserName")
VALUES (@p0, @p1, @p2, @p3, @p4, @p5, @p6, @p7, @p8, @p9, @p10, @p11, @p12, @p13, @p14);
2026-05-21 11:44:51.176 +05:30 [INF] New user registered: salonidubey97@gmail.com
2026-05-21 11:44:51.180 +05:30 [INF] Executed handler method OnPostAsync, returned result Microsoft.AspNetCore.Mvc.RedirectToPageResult.
2026-05-21 11:44:51.184 +05:30 [INF] Executing RedirectToPageResult, redirecting to /Account/Login.
2026-05-21 11:44:51.193 +05:30 [INF] Executed page /Account/Register in 542.5387ms
2026-05-21 11:44:51.196 +05:30 [INF] Executed endpoint '/Account/Register'
2026-05-21 11:44:51.197 +05:30 [INF] HTTP POST /Account/Register responded 302 in 555.2294 ms
2026-05-21 11:44:51.201 +05:30 [INF] Request finished HTTP/1.1 POST http://localhost:5113/Account/Register - 302 0 null 564.6154ms
2026-05-21 11:44:51.213 +05:30 [INF] Request starting HTTP/1.1 GET http://localhost:5113/Account/Login?message=registered - null null
2026-05-21 11:44:51.219 +05:30 [INF] Executing endpoint '/Account/Login'
2026-05-21 11:44:51.222 +05:30 [INF] Route matched with {page = "/Account/Login"}. Executing page /Account/Login
2026-05-21 11:44:51.225 +05:30 [INF] Executing handler method InvoiceProcessingWebApp.Pages.Account.LoginModel.OnGet - ModelState is "Valid"
2026-05-21 11:44:51.228 +05:30 [INF] Executed handler method OnGet, returned result .
2026-05-21 11:44:51.231 +05:30 [INF] Executing an implicit handler method - ModelState is "Valid"
2026-05-21 11:44:51.233 +05:30 [INF] Executed an implicit handler method, returned result Microsoft.AspNetCore.Mvc.RazorPages.PageResult.
2026-05-21 11:44:51.239 +05:30 [INF] Executed page /Account/Login in 15.2375ms
2026-05-21 11:44:51.244 +05:30 [INF] Executed endpoint '/Account/Login'
2026-05-21 11:44:51.250 +05:30 [INF] HTTP GET /Account/Login responded 200 in 31.0600 ms
2026-05-21 11:44:51.276 +05:30 [INF] Request finished HTTP/1.1 GET http://localhost:5113/Account/Login?message=registered - 200 null text/html; charset=utf-8 63.5184ms
2026-05-21 11:45:00.653 +05:30 [INF] Request starting HTTP/1.1 POST http://localhost:5113/Account/Login?message=registered - application/x-www-form-urlencoded 272
2026-05-21 11:45:00.689 +05:30 [INF] Executing endpoint '/Account/Login'
2026-05-21 11:45:00.708 +05:30 [INF] Route matched with {page = "/Account/Login"}. Executing page /Account/Login
2026-05-21 11:45:00.720 +05:30 [INF] Executing handler method InvoiceProcessingWebApp.Pages.Account.LoginModel.OnPostAsync - ModelState is "Valid"
2026-05-21 11:45:00.727 +05:30 [INF] Executed DbCommand (0ms) [Parameters=[@normalizedUserName='?' (Size = 23)], CommandType='"Text"', CommandTimeout='30']
SELECT "a"."Id", "a"."AccessFailedCount", "a"."ConcurrencyStamp", "a"."Email", "a"."EmailConfirmed", "a"."LockoutEnabled", "a"."LockoutEnd", "a"."NormalizedEmail", "a"."NormalizedUserName", "a"."PasswordHash", "a"."PhoneNumber", "a"."PhoneNumberConfirmed", "a"."SecurityStamp", "a"."TwoFactorEnabled", "a"."UserName"
FROM "AspNetUsers" AS "a"
WHERE "a"."NormalizedUserName" = @normalizedUserName
LIMIT 1
2026-05-21 11:45:00.902 +05:30 [INF] Executed DbCommand (0ms) [Parameters=[@user_Id='?' (Size = 36)], CommandType='"Text"', CommandTimeout='30']
SELECT "a"."Id", "a"."ClaimType", "a"."ClaimValue", "a"."UserId"
FROM "AspNetUserClaims" AS "a"
WHERE "a"."UserId" = @user_Id
2026-05-21 11:45:00.943 +05:30 [INF] Executed DbCommand (0ms) [Parameters=[@userId='?' (Size = 36)], CommandType='"Text"', CommandTimeout='30']
SELECT "a0"."Name"
FROM "AspNetUserRoles" AS "a"
INNER JOIN "AspNetRoles" AS "a0" ON "a"."RoleId" = "a0"."Id"
WHERE "a"."UserId" = @userId
2026-05-21 11:45:00.958 +05:30 [INF] AuthenticationScheme: Identity.Application signed in.
2026-05-21 11:45:00.962 +05:30 [INF] User salonidubey97@gmail.com logged in
2026-05-21 11:45:00.967 +05:30 [INF] Executed handler method OnPostAsync, returned result Microsoft.AspNetCore.Mvc.LocalRedirectResult.
2026-05-21 11:45:00.971 +05:30 [INF] Executing LocalRedirectResult, redirecting to /.
2026-05-21 11:45:00.974 +05:30 [INF] Executed page /Account/Login in 260.9367ms
2026-05-21 11:45:00.976 +05:30 [INF] Executed endpoint '/Account/Login'
2026-05-21 11:45:00.978 +05:30 [INF] HTTP POST /Account/Login responded 302 in 289.0086 ms
2026-05-21 11:45:00.983 +05:30 [INF] Request finished HTTP/1.1 POST http://localhost:5113/Account/Login?message=registered - 302 0 null 330.2191ms
2026-05-21 11:45:00.993 +05:30 [INF] Request starting HTTP/1.1 GET http://localhost:5113/ - null null
2026-05-21 11:45:01.005 +05:30 [INF] Executing endpoint '/Index'
2026-05-21 11:45:01.007 +05:30 [INF] Route matched with {page = "/Index"}. Executing page /Index
2026-05-21 11:45:01.010 +05:30 [INF] Executing handler method InvoiceProcessingWebApp.Pages.IndexModel.OnGet - ModelState is "Valid"
2026-05-21 11:45:01.013 +05:30 [INF] Executed DbCommand (0ms) [Parameters=[], CommandType='"Text"', CommandTimeout='30']
SELECT COUNT(*)
FROM "Invoices" AS "i"
2026-05-21 11:45:01.020 +05:30 [INF] Executed DbCommand (0ms) [Parameters=[], CommandType='"Text"', CommandTimeout='30']
SELECT COUNT(*)
FROM "Invoices" AS "i"
WHERE "i"."Status" = 'Approved'
2026-05-21 11:45:01.026 +05:30 [INF] Executed DbCommand (0ms) [Parameters=[], CommandType='"Text"', CommandTimeout='30']
SELECT COUNT(*)
FROM "Invoices" AS "i"
WHERE "i"."Status" = 'Pending'
2026-05-21 11:45:01.032 +05:30 [INF] Executed DbCommand (0ms) [Parameters=[], CommandType='"Text"', CommandTimeout='30']
SELECT EXISTS (
    SELECT 1
    FROM "Invoices" AS "i")
2026-05-21 11:45:01.038 +05:30 [INF] Executed handler method OnGet, returned result .
2026-05-21 11:45:01.040 +05:30 [INF] Executing an implicit handler method - ModelState is "Valid"
2026-05-21 11:45:01.042 +05:30 [INF] Executed an implicit handler method, returned result Microsoft.AspNetCore.Mvc.RazorPages.PageResult.
2026-05-21 11:45:01.048 +05:30 [INF] Executed page /Index in 37.7606ms
2026-05-21 11:45:01.053 +05:30 [INF] Executed endpoint '/Index'
2026-05-21 11:45:01.056 +05:30 [INF] HTTP GET / responded 200 in 51.8068 ms
2026-05-21 11:45:01.060 +05:30 [INF] Request finished HTTP/1.1 GET http://localhost:5113/ - 200 null text/html; charset=utf-8 67.342ms
2026-05-21 11:45:03.748 +05:30 [INF] Request starting HTTP/1.1 GET http://localhost:5113/Invoices/Index - null null
2026-05-21 11:45:03.757 +05:30 [INF] Executing endpoint '/Invoices/Index'
2026-05-21 11:45:03.759 +05:30 [INF] Route matched with {page = "/Invoices/Index"}. Executing page /Invoices/Index
2026-05-21 11:45:03.762 +05:30 [INF] Executing handler method InvoiceProcessingWebApp.Pages.Invoices.IndexModel.OnGet - ModelState is "Valid"
2026-05-21 11:45:03.775 +05:30 [INF] Executed DbCommand (0ms) [Parameters=[], CommandType='"Text"', CommandTimeout='30']
SELECT COUNT(*)
FROM "Invoices" AS "i"
2026-05-21 11:45:03.789 +05:30 [INF] Executed DbCommand (0ms) [Parameters=[@p1='?' (DbType = Int32), @p='?' (DbType = Int32)], CommandType='"Text"', CommandTimeout='30']
SELECT "i"."Id", "i"."Amount", "i"."InvoiceDate", "i"."InvoiceNumber", "i"."PurchaseOrderNumber", "i"."Status", "i"."VendorName"
FROM "Invoices" AS "i"
ORDER BY "i"."InvoiceDate" DESC
LIMIT @p1 OFFSET @p
2026-05-21 11:45:03.802 +05:30 [INF] Executed handler method OnGet, returned result .
2026-05-21 11:45:03.805 +05:30 [INF] Executing an implicit handler method - ModelState is "Valid"
2026-05-21 11:45:03.806 +05:30 [INF] Executed an implicit handler method, returned result Microsoft.AspNetCore.Mvc.RazorPages.PageResult.
2026-05-21 11:45:03.816 +05:30 [INF] Executed page /Invoices/Index in 54.7309ms
2026-05-21 11:45:03.823 +05:30 [INF] Executed endpoint '/Invoices/Index'
2026-05-21 11:45:03.850 +05:30 [INF] HTTP GET /Invoices/Index responded 200 in 92.9825 ms
2026-05-21 11:45:03.859 +05:30 [INF] Request finished HTTP/1.1 GET http://localhost:5113/Invoices/Index - 200 null text/html; charset=utf-8 111.0562ms
2026-05-21 11:45:05.367 +05:30 [INF] Request starting HTTP/1.1 GET http://localhost:5113/ - null null
2026-05-21 11:45:05.374 +05:30 [INF] Executing endpoint '/Index'
2026-05-21 11:45:05.376 +05:30 [INF] Route matched with {page = "/Index"}. Executing page /Index
2026-05-21 11:45:05.379 +05:30 [INF] Executing handler method InvoiceProcessingWebApp.Pages.IndexModel.OnGet - ModelState is "Valid"
2026-05-21 11:45:05.384 +05:30 [INF] Executed DbCommand (0ms) [Parameters=[], CommandType='"Text"', CommandTimeout='30']
SELECT COUNT(*)
FROM "Invoices" AS "i"
2026-05-21 11:45:05.390 +05:30 [INF] Executed DbCommand (0ms) [Parameters=[], CommandType='"Text"', CommandTimeout='30']
SELECT COUNT(*)
FROM "Invoices" AS "i"
WHERE "i"."Status" = 'Approved'
2026-05-21 11:45:05.395 +05:30 [INF] Executed DbCommand (0ms) [Parameters=[], CommandType='"Text"', CommandTimeout='30']
SELECT COUNT(*)
FROM "Invoices" AS "i"
WHERE "i"."Status" = 'Pending'
2026-05-21 11:45:05.401 +05:30 [INF] Executed DbCommand (0ms) [Parameters=[], CommandType='"Text"', CommandTimeout='30']
SELECT EXISTS (
    SELECT 1
    FROM "Invoices" AS "i")
2026-05-21 11:45:05.404 +05:30 [INF] Executed handler method OnGet, returned result .
2026-05-21 11:45:05.407 +05:30 [INF] Executing an implicit handler method - ModelState is "Valid"
2026-05-21 11:45:05.409 +05:30 [INF] Executed an implicit handler method, returned result Microsoft.AspNetCore.Mvc.RazorPages.PageResult.
2026-05-21 11:45:05.415 +05:30 [INF] Executed page /Index in 35.6951ms
2026-05-21 11:45:05.417 +05:30 [INF] Executed endpoint '/Index'
2026-05-21 11:45:05.420 +05:30 [INF] HTTP GET / responded 200 in 45.7680 ms
2026-05-21 11:45:05.431 +05:30 [INF] Request finished HTTP/1.1 GET http://localhost:5113/ - 200 null text/html; charset=utf-8 64.3775ms
2026-05-21 11:45:06.757 +05:30 [INF] Request starting HTTP/1.1 GET http://localhost:5113/Invoices/Create - null null
2026-05-21 11:45:06.766 +05:30 [INF] Executing endpoint '/Invoices/Create'
2026-05-21 11:45:06.769 +05:30 [INF] Route matched with {page = "/Invoices/Create"}. Executing page /Invoices/Create
2026-05-21 11:45:06.772 +05:30 [INF] Executing handler method InvoiceProcessingWebApp.Pages.Invoices.CreateModel.OnGet - ModelState is "Valid"
2026-05-21 11:45:06.776 +05:30 [INF] Executed handler method OnGet, returned result .
2026-05-21 11:45:06.778 +05:30 [INF] Executing an implicit handler method - ModelState is "Valid"
2026-05-21 11:45:06.784 +05:30 [INF] Executed an implicit handler method, returned result Microsoft.AspNetCore.Mvc.RazorPages.PageResult.
2026-05-21 11:45:06.797 +05:30 [INF] Executed page /Invoices/Create in 25.1668ms
2026-05-21 11:45:06.806 +05:30 [INF] Executed endpoint '/Invoices/Create'
2026-05-21 11:45:06.809 +05:30 [INF] HTTP GET /Invoices/Create responded 200 in 42.9277 ms
2026-05-21 11:45:06.823 +05:30 [INF] Request finished HTTP/1.1 GET http://localhost:5113/Invoices/Create - 200 null text/html; charset=utf-8 65.504ms
2026-05-21 11:45:49.602 +05:30 [INF] Request starting HTTP/1.1 POST http://localhost:5113/Invoices/Create - application/x-www-form-urlencoded 441
2026-05-21 11:45:49.607 +05:30 [INF] Executing endpoint '/Invoices/Create'
2026-05-21 11:45:49.610 +05:30 [INF] Route matched with {page = "/Invoices/Create"}. Executing page /Invoices/Create
2026-05-21 11:45:49.633 +05:30 [INF] Executing handler method InvoiceProcessingWebApp.Pages.Invoices.CreateModel.OnPostAsync - ModelState is "Valid"
2026-05-21 11:45:49.752 +05:30 [INF] Executed DbCommand (0ms) [Parameters=[@p0='?' (DbType = Decimal), @p1='?' (DbType = DateTime), @p2='?' (Size = 4), @p3='?' (Size = 3), @p4='?' (Size = 8), @p5='?' (Size = 3)], CommandType='"Text"', CommandTimeout='30']
INSERT INTO "Invoices" ("Amount", "InvoiceDate", "InvoiceNumber", "PurchaseOrderNumber", "Status", "VendorName")
VALUES (@p0, @p1, @p2, @p3, @p4, @p5)
RETURNING "Id";
2026-05-21 11:45:49.800 +05:30 [INF] Executed handler method OnPostAsync, returned result Microsoft.AspNetCore.Mvc.RedirectToPageResult.
2026-05-21 11:45:49.804 +05:30 [INF] Executing RedirectToPageResult, redirecting to /Invoices/Index.
2026-05-21 11:45:49.805 +05:30 [INF] Executed page /Invoices/Create in 188.5851ms
2026-05-21 11:45:49.808 +05:30 [INF] Executed endpoint '/Invoices/Create'
2026-05-21 11:45:49.809 +05:30 [INF] HTTP POST /Invoices/Create responded 302 in 202.5949 ms
2026-05-21 11:45:49.812 +05:30 [INF] Request finished HTTP/1.1 POST http://localhost:5113/Invoices/Create - 302 0 null 210.5951ms
2026-05-21 11:45:49.831 +05:30 [INF] Request starting HTTP/1.1 GET http://localhost:5113/Invoices - null null
2026-05-21 11:45:49.842 +05:30 [INF] Executing endpoint '/Invoices/Index'
2026-05-21 11:45:49.860 +05:30 [INF] Route matched with {page = "/Invoices/Index"}. Executing page /Invoices/Index
2026-05-21 11:45:49.862 +05:30 [INF] Executing handler method InvoiceProcessingWebApp.Pages.Invoices.IndexModel.OnGet - ModelState is "Valid"
2026-05-21 11:45:49.866 +05:30 [INF] Executed DbCommand (0ms) [Parameters=[], CommandType='"Text"', CommandTimeout='30']
SELECT COUNT(*)
FROM "Invoices" AS "i"
2026-05-21 11:45:49.874 +05:30 [INF] Executed DbCommand (0ms) [Parameters=[@p1='?' (DbType = Int32), @p='?' (DbType = Int32)], CommandType='"Text"', CommandTimeout='30']
SELECT "i"."Id", "i"."Amount", "i"."InvoiceDate", "i"."InvoiceNumber", "i"."PurchaseOrderNumber", "i"."Status", "i"."VendorName"
FROM "Invoices" AS "i"
ORDER BY "i"."InvoiceDate" DESC
LIMIT @p1 OFFSET @p
2026-05-21 11:45:49.882 +05:30 [INF] Executed handler method OnGet, returned result .
2026-05-21 11:45:49.887 +05:30 [INF] Executing an implicit handler method - ModelState is "Valid"
2026-05-21 11:45:49.888 +05:30 [INF] Executed an implicit handler method, returned result Microsoft.AspNetCore.Mvc.RazorPages.PageResult.
2026-05-21 11:45:49.897 +05:30 [INF] Executed page /Invoices/Index in 35.2684ms
2026-05-21 11:45:49.909 +05:30 [INF] Executed endpoint '/Invoices/Index'
2026-05-21 11:45:49.921 +05:30 [INF] HTTP GET /Invoices responded 200 in 78.9993 ms
2026-05-21 11:45:49.938 +05:30 [INF] Request finished HTTP/1.1 GET http://localhost:5113/Invoices - 200 null text/html; charset=utf-8 106.8184ms
2026-05-21 11:45:57.585 +05:30 [INF] Request starting HTTP/1.1 GET http://localhost:5113/ - null null
2026-05-21 11:45:57.591 +05:30 [INF] Executing endpoint '/Index'
2026-05-21 11:45:57.594 +05:30 [INF] Route matched with {page = "/Index"}. Executing page /Index
2026-05-21 11:45:57.596 +05:30 [INF] Executing handler method InvoiceProcessingWebApp.Pages.IndexModel.OnGet - ModelState is "Valid"
2026-05-21 11:45:57.604 +05:30 [INF] Executed DbCommand (0ms) [Parameters=[], CommandType='"Text"', CommandTimeout='30']
SELECT COUNT(*)
FROM "Invoices" AS "i"
2026-05-21 11:45:57.625 +05:30 [INF] Executed DbCommand (0ms) [Parameters=[], CommandType='"Text"', CommandTimeout='30']
SELECT COUNT(*)
FROM "Invoices" AS "i"
WHERE "i"."Status" = 'Approved'
2026-05-21 11:45:57.640 +05:30 [INF] Executed DbCommand (0ms) [Parameters=[], CommandType='"Text"', CommandTimeout='30']
SELECT COUNT(*)
FROM "Invoices" AS "i"
WHERE "i"."Status" = 'Pending'
2026-05-21 11:45:57.650 +05:30 [INF] Executed DbCommand (0ms) [Parameters=[], CommandType='"Text"', CommandTimeout='30']
SELECT EXISTS (
    SELECT 1
    FROM "Invoices" AS "i")
2026-05-21 11:45:57.690 +05:30 [INF] Executed DbCommand (13ms) [Parameters=[], CommandType='"Text"', CommandTimeout='30']
SELECT COALESCE(ef_sum("i"."Amount"), '0.0')
FROM "Invoices" AS "i"
2026-05-21 11:45:57.694 +05:30 [INF] Executed handler method OnGet, returned result .
2026-05-21 11:45:57.700 +05:30 [INF] Executing an implicit handler method - ModelState is "Valid"
2026-05-21 11:45:57.702 +05:30 [INF] Executed an implicit handler method, returned result Microsoft.AspNetCore.Mvc.RazorPages.PageResult.
2026-05-21 11:45:57.705 +05:30 [INF] Executed page /Index in 108.4632ms
2026-05-21 11:45:57.708 +05:30 [INF] Executed endpoint '/Index'
2026-05-21 11:45:57.710 +05:30 [INF] HTTP GET / responded 200 in 118.8269 ms
2026-05-21 11:45:57.720 +05:30 [INF] Request finished HTTP/1.1 GET http://localhost:5113/ - 200 null text/html; charset=utf-8 134.6251ms
2026-05-21 11:46:00.024 +05:30 [INF] Request starting HTTP/1.1 GET http://localhost:5113/Invoices/Create - null null
2026-05-21 11:46:00.034 +05:30 [INF] Executing endpoint '/Invoices/Create'
2026-05-21 11:46:00.038 +05:30 [INF] Route matched with {page = "/Invoices/Create"}. Executing page /Invoices/Create
2026-05-21 11:46:00.051 +05:30 [INF] Executing handler method InvoiceProcessingWebApp.Pages.Invoices.CreateModel.OnGet - ModelState is "Valid"
2026-05-21 11:46:00.068 +05:30 [INF] Executed handler method OnGet, returned result .
2026-05-21 11:46:00.074 +05:30 [INF] Executing an implicit handler method - ModelState is "Valid"
2026-05-21 11:46:00.076 +05:30 [INF] Executed an implicit handler method, returned result Microsoft.AspNetCore.Mvc.RazorPages.PageResult.
2026-05-21 11:46:00.086 +05:30 [INF] Executed page /Invoices/Create in 35.9188ms
2026-05-21 11:46:00.092 +05:30 [INF] Executed endpoint '/Invoices/Create'
2026-05-21 11:46:00.095 +05:30 [INF] HTTP GET /Invoices/Create responded 200 in 60.5988 ms
2026-05-21 11:46:00.155 +05:30 [INF] Request finished HTTP/1.1 GET http://localhost:5113/Invoices/Create - 200 null text/html; charset=utf-8 130.0773ms
2026-05-21 11:46:01.404 +05:30 [INF] Request starting HTTP/1.1 GET http://localhost:5113/Invoices/Index - null null
2026-05-21 11:46:01.418 +05:30 [INF] Executing endpoint '/Invoices/Index'
2026-05-21 11:46:01.431 +05:30 [INF] Route matched with {page = "/Invoices/Index"}. Executing page /Invoices/Index
2026-05-21 11:46:01.436 +05:30 [INF] Executing handler method InvoiceProcessingWebApp.Pages.Invoices.IndexModel.OnGet - ModelState is "Valid"
2026-05-21 11:46:01.444 +05:30 [INF] Executed DbCommand (0ms) [Parameters=[], CommandType='"Text"', CommandTimeout='30']
SELECT COUNT(*)
FROM "Invoices" AS "i"
2026-05-21 11:46:01.455 +05:30 [INF] Executed DbCommand (0ms) [Parameters=[@p1='?' (DbType = Int32), @p='?' (DbType = Int32)], CommandType='"Text"', CommandTimeout='30']
SELECT "i"."Id", "i"."Amount", "i"."InvoiceDate", "i"."InvoiceNumber", "i"."PurchaseOrderNumber", "i"."Status", "i"."VendorName"
FROM "Invoices" AS "i"
ORDER BY "i"."InvoiceDate" DESC
LIMIT @p1 OFFSET @p
2026-05-21 11:46:01.467 +05:30 [INF] Executed handler method OnGet, returned result .
2026-05-21 11:46:01.471 +05:30 [INF] Executing an implicit handler method - ModelState is "Valid"
2026-05-21 11:46:01.475 +05:30 [INF] Executed an implicit handler method, returned result Microsoft.AspNetCore.Mvc.RazorPages.PageResult.
2026-05-21 11:46:01.484 +05:30 [INF] Executed page /Invoices/Index in 48.1244ms
2026-05-21 11:46:01.500 +05:30 [INF] Executed endpoint '/Invoices/Index'
2026-05-21 11:46:01.525 +05:30 [INF] HTTP GET /Invoices/Index responded 200 in 106.3553 ms
2026-05-21 11:46:01.559 +05:30 [INF] Request finished HTTP/1.1 GET http://localhost:5113/Invoices/Index - 200 null text/html; charset=utf-8 155.6179ms
2026-05-21 11:46:04.904 +05:30 [INF] Request starting HTTP/1.1 GET http://localhost:5113/Chat - null null
2026-05-21 11:46:04.915 +05:30 [INF] Executing endpoint '/Chat'
2026-05-21 11:46:04.935 +05:30 [INF] Route matched with {page = "/Chat"}. Executing page /Chat
2026-05-21 11:46:04.940 +05:30 [INF] Executing handler method InvoiceProcessingWebApp.Pages.ChatModel.OnGet - ModelState is "Valid"
2026-05-21 11:46:04.943 +05:30 [INF] Executed handler method OnGet, returned result .
2026-05-21 11:46:04.946 +05:30 [INF] Executing an implicit handler method - ModelState is "Valid"
2026-05-21 11:46:04.948 +05:30 [INF] Executed an implicit handler method, returned result Microsoft.AspNetCore.Mvc.RazorPages.PageResult.
2026-05-21 11:46:04.963 +05:30 [INF] Executed page /Chat in 25.9405ms
2026-05-21 11:46:04.966 +05:30 [INF] Executed endpoint '/Chat'
2026-05-21 11:46:04.972 +05:30 [INF] HTTP GET /Chat responded 200 in 57.4942 ms
2026-05-21 11:46:04.980 +05:30 [INF] Request finished HTTP/1.1 GET http://localhost:5113/Chat - 200 null text/html; charset=utf-8 75.9179ms
2026-05-21 11:46:14.605 +05:30 [INF] Request starting HTTP/1.1 POST http://localhost:5113/Chat?handler=Ask - application/json 42
2026-05-21 11:46:14.626 +05:30 [INF] Executing endpoint '/Chat'
2026-05-21 11:46:14.630 +05:30 [INF] Route matched with {page = "/Chat"}. Executing page /Chat
2026-05-21 11:46:14.675 +05:30 [INF] Executing handler method InvoiceProcessingWebApp.Pages.ChatModel.OnPostAsk - ModelState is "Valid"
2026-05-21 11:46:14.722 +05:30 [INF] Start processing HTTP request POST https://generativelanguage.googleapis.com/v1beta/models/text-embedding-004:embedContent?*
2026-05-21 11:46:14.728 +05:30 [INF] Sending HTTP request POST https://generativelanguage.googleapis.com/v1beta/models/text-embedding-004:embedContent?*
2026-05-21 11:46:15.428 +05:30 [INF] Received HTTP response headers after 693.8668ms - 403
2026-05-21 11:46:15.431 +05:30 [INF] End processing HTTP request after 711.9469ms - 403
2026-05-21 11:46:15.436 +05:30 [ERR] Gemini embedding error: "Forbidden"
2026-05-21 11:46:15.444 +05:30 [INF] Executed handler method OnPostAsk, returned result Microsoft.AspNetCore.Mvc.JsonResult.
2026-05-21 11:46:15.452 +05:30 [INF] Executing JsonResult, writing value of type '<>f__AnonymousType12`1[[System.String, System.Private.CoreLib, Version=10.0.0.0, Culture=neutral, PublicKeyToken=7cec85d7bea7798e]]'.
2026-05-21 11:46:15.462 +05:30 [INF] Executed page /Chat in 829.3651ms
2026-05-21 11:46:15.467 +05:30 [INF] Executed endpoint '/Chat'
2026-05-21 11:46:15.470 +05:30 [INF] HTTP POST /Chat responded 200 in 844.6512 ms
2026-05-21 11:46:15.477 +05:30 [INF] Request finished HTTP/1.1 POST http://localhost:5113/Chat?handler=Ask - 200 null application/json; charset=utf-8 872.8929ms
2026-05-21 11:46:25.381 +05:30 [INF] Request starting HTTP/1.1 POST http://localhost:5113/Chat?handler=Ask - application/json 18
2026-05-21 11:46:25.391 +05:30 [INF] Executing endpoint '/Chat'
2026-05-21 11:46:25.395 +05:30 [INF] Route matched with {page = "/Chat"}. Executing page /Chat
2026-05-21 11:46:25.425 +05:30 [INF] Executing handler method InvoiceProcessingWebApp.Pages.ChatModel.OnPostAsk - ModelState is "Valid"
2026-05-21 11:46:25.430 +05:30 [INF] Start processing HTTP request POST https://generativelanguage.googleapis.com/v1beta/models/text-embedding-004:embedContent?*
2026-05-21 11:46:25.433 +05:30 [INF] Sending HTTP request POST https://generativelanguage.googleapis.com/v1beta/models/text-embedding-004:embedContent?*
2026-05-21 11:46:25.586 +05:30 [INF] Received HTTP response headers after 145.8285ms - 403
2026-05-21 11:46:25.590 +05:30 [INF] End processing HTTP request after 159.982ms - 403
2026-05-21 11:46:25.592 +05:30 [ERR] Gemini embedding error: "Forbidden"
2026-05-21 11:46:25.595 +05:30 [INF] Executed handler method OnPostAsk, returned result Microsoft.AspNetCore.Mvc.JsonResult.
2026-05-21 11:46:25.598 +05:30 [INF] Executing JsonResult, writing value of type '<>f__AnonymousType12`1[[System.String, System.Private.CoreLib, Version=10.0.0.0, Culture=neutral, PublicKeyToken=7cec85d7bea7798e]]'.
2026-05-21 11:46:25.601 +05:30 [INF] Executed page /Chat in 186.0836ms
2026-05-21 11:46:25.605 +05:30 [INF] Executed endpoint '/Chat'
2026-05-21 11:46:25.607 +05:30 [INF] HTTP POST /Chat responded 200 in 216.4523 ms
2026-05-21 11:46:25.611 +05:30 [INF] Request finished HTTP/1.1 POST http://localhost:5113/Chat?handler=Ask - 200 null application/json; charset=utf-8 229.4436ms
2026-05-21 11:58:28.104 +05:30 [INF] Request starting HTTP/1.1 POST http://localhost:5113/Chat?handler=Ask - application/json 46
2026-05-21 11:58:28.111 +05:30 [INF] Executing endpoint '/Chat'
2026-05-21 11:58:28.113 +05:30 [INF] Route matched with {page = "/Chat"}. Executing page /Chat
2026-05-21 11:58:28.116 +05:30 [INF] Executing handler method InvoiceProcessingWebApp.Pages.ChatModel.OnPostAsk - ModelState is "Valid"
2026-05-21 11:58:28.132 +05:30 [INF] Start processing HTTP request POST https://generativelanguage.googleapis.com/v1beta/models/text-embedding-004:embedContent?*
2026-05-21 11:58:28.139 +05:30 [INF] Sending HTTP request POST https://generativelanguage.googleapis.com/v1beta/models/text-embedding-004:embedContent?*
2026-05-21 11:58:28.920 +05:30 [INF] Received HTTP response headers after 775.322ms - 404
2026-05-21 11:58:28.923 +05:30 [INF] End processing HTTP request after 790.9516ms - 404
2026-05-21 11:58:28.925 +05:30 [ERR] Gemini embedding error: "NotFound"
2026-05-21 11:58:28.927 +05:30 [INF] Executed handler method OnPostAsk, returned result Microsoft.AspNetCore.Mvc.JsonResult.
2026-05-21 11:58:28.930 +05:30 [INF] Executing JsonResult, writing value of type '<>f__AnonymousType12`1[[System.String, System.Private.CoreLib, Version=10.0.0.0, Culture=neutral, PublicKeyToken=7cec85d7bea7798e]]'.
2026-05-21 11:58:28.931 +05:30 [INF] Executed page /Chat in 815.922ms
2026-05-21 11:58:28.936 +05:30 [INF] Executed endpoint '/Chat'
2026-05-21 11:58:28.938 +05:30 [INF] HTTP POST /Chat responded 200 in 827.0047 ms
2026-05-21 11:58:28.941 +05:30 [INF] Request finished HTTP/1.1 POST http://localhost:5113/Chat?handler=Ask - 200 null application/json; charset=utf-8 837.5728ms
2026-05-21 11:58:39.706 +05:30 [INF] Request starting HTTP/1.1 GET http://localhost:5113/ - null null
2026-05-21 11:58:39.712 +05:30 [INF] Executing endpoint '/Index'
2026-05-21 11:58:39.717 +05:30 [INF] Route matched with {page = "/Index"}. Executing page /Index
2026-05-21 11:58:39.721 +05:30 [INF] Executing handler method InvoiceProcessingWebApp.Pages.IndexModel.OnGet - ModelState is "Valid"
2026-05-21 11:58:39.766 +05:30 [INF] Executed DbCommand (26ms) [Parameters=[], CommandType='"Text"', CommandTimeout='30']
SELECT COUNT(*)
FROM "Invoices" AS "i"
2026-05-21 11:58:39.774 +05:30 [INF] Executed DbCommand (0ms) [Parameters=[], CommandType='"Text"', CommandTimeout='30']
SELECT COUNT(*)
FROM "Invoices" AS "i"
WHERE "i"."Status" = 'Approved'
2026-05-21 11:58:39.785 +05:30 [INF] Executed DbCommand (0ms) [Parameters=[], CommandType='"Text"', CommandTimeout='30']
SELECT COUNT(*)
FROM "Invoices" AS "i"
WHERE "i"."Status" = 'Pending'
2026-05-21 11:58:39.789 +05:30 [INF] Executed DbCommand (0ms) [Parameters=[], CommandType='"Text"', CommandTimeout='30']
SELECT EXISTS (
    SELECT 1
    FROM "Invoices" AS "i")
2026-05-21 11:58:39.794 +05:30 [INF] Executed DbCommand (0ms) [Parameters=[], CommandType='"Text"', CommandTimeout='30']
SELECT COALESCE(ef_sum("i"."Amount"), '0.0')
FROM "Invoices" AS "i"
2026-05-21 11:58:39.803 +05:30 [INF] Executed handler method OnGet, returned result .
2026-05-21 11:58:39.805 +05:30 [INF] Executing an implicit handler method - ModelState is "Valid"
2026-05-21 11:58:39.807 +05:30 [INF] Executed an implicit handler method, returned result Microsoft.AspNetCore.Mvc.RazorPages.PageResult.
2026-05-21 11:58:39.811 +05:30 [INF] Executed page /Index in 89.3048ms
2026-05-21 11:58:39.816 +05:30 [INF] Executed endpoint '/Index'
2026-05-21 11:58:39.820 +05:30 [INF] HTTP GET / responded 200 in 107.4696 ms
2026-05-21 11:58:39.835 +05:30 [INF] Request finished HTTP/1.1 GET http://localhost:5113/ - 200 null text/html; charset=utf-8 129.4061ms
2026-05-21 12:09:07.729 +05:30 [INF] Request starting HTTP/1.1 GET http://localhost:5113/Invoices/Index - null null
2026-05-21 12:09:07.783 +05:30 [INF] Executing endpoint '/Invoices/Index'
2026-05-21 12:09:07.802 +05:30 [INF] Route matched with {page = "/Invoices/Index"}. Executing page /Invoices/Index
2026-05-21 12:09:07.808 +05:30 [INF] Executing handler method InvoiceProcessingWebApp.Pages.Invoices.IndexModel.OnGet - ModelState is "Valid"
2026-05-21 12:09:07.838 +05:30 [INF] Executed DbCommand (10ms) [Parameters=[], CommandType='"Text"', CommandTimeout='30']
SELECT COUNT(*)
FROM "Invoices" AS "i"
2026-05-21 12:09:07.846 +05:30 [INF] Executed DbCommand (1ms) [Parameters=[@p1='?' (DbType = Int32), @p='?' (DbType = Int32)], CommandType='"Text"', CommandTimeout='30']
SELECT "i"."Id", "i"."Amount", "i"."InvoiceDate", "i"."InvoiceNumber", "i"."PurchaseOrderNumber", "i"."Status", "i"."VendorName"
FROM "Invoices" AS "i"
ORDER BY "i"."InvoiceDate" DESC
LIMIT @p1 OFFSET @p
2026-05-21 12:09:07.852 +05:30 [INF] Executed handler method OnGet, returned result .
2026-05-21 12:09:07.855 +05:30 [INF] Executing an implicit handler method - ModelState is "Valid"
2026-05-21 12:09:08.031 +05:30 [INF] Executed an implicit handler method, returned result Microsoft.AspNetCore.Mvc.RazorPages.PageResult.
2026-05-21 12:09:08.042 +05:30 [INF] Executed page /Invoices/Index in 234.5461ms
2026-05-21 12:09:08.125 +05:30 [INF] Executed endpoint '/Invoices/Index'
2026-05-21 12:09:08.237 +05:30 [INF] HTTP GET /Invoices/Index responded 200 in 454.7746 ms
2026-05-21 12:09:08.492 +05:30 [INF] Request finished HTTP/1.1 GET http://localhost:5113/Invoices/Index - 200 null text/html; charset=utf-8 763.3104ms
2026-05-21 12:09:11.133 +05:30 [INF] Request starting HTTP/1.1 GET http://localhost:5113/Chat - null null
2026-05-21 12:09:11.149 +05:30 [INF] Executing endpoint '/Chat'
2026-05-21 12:09:11.171 +05:30 [INF] Route matched with {page = "/Chat"}. Executing page /Chat
2026-05-21 12:09:11.188 +05:30 [INF] Executing handler method InvoiceProcessingWebApp.Pages.ChatModel.OnGet - ModelState is "Valid"
2026-05-21 12:09:11.191 +05:30 [INF] Executed handler method OnGet, returned result .
2026-05-21 12:09:11.205 +05:30 [INF] Executing an implicit handler method - ModelState is "Valid"
2026-05-21 12:09:11.208 +05:30 [INF] Executed an implicit handler method, returned result Microsoft.AspNetCore.Mvc.RazorPages.PageResult.
2026-05-21 12:09:11.219 +05:30 [INF] Executed page /Chat in 30.6453ms
2026-05-21 12:09:11.225 +05:30 [INF] Executed endpoint '/Chat'
2026-05-21 12:09:11.238 +05:30 [INF] HTTP GET /Chat responded 200 in 88.9003 ms
2026-05-21 12:09:11.254 +05:30 [INF] Request finished HTTP/1.1 GET http://localhost:5113/Chat - 200 null text/html; charset=utf-8 120.9477ms
2026-05-21 12:09:14.764 +05:30 [INF] Request starting HTTP/1.1 POST http://localhost:5113/Chat?handler=Ask - application/json 46
2026-05-21 12:09:14.770 +05:30 [INF] Executing endpoint '/Chat'
2026-05-21 12:09:14.772 +05:30 [INF] Route matched with {page = "/Chat"}. Executing page /Chat
2026-05-21 12:09:14.776 +05:30 [INF] Executing handler method InvoiceProcessingWebApp.Pages.ChatModel.OnPostAsk - ModelState is "Valid"
2026-05-21 12:09:14.781 +05:30 [INF] Start processing HTTP request POST https://generativelanguage.googleapis.com/v1beta/models/text-embedding-004:embedContent?*
2026-05-21 12:09:14.784 +05:30 [INF] Sending HTTP request POST https://generativelanguage.googleapis.com/v1beta/models/text-embedding-004:embedContent?*
2026-05-21 12:09:15.519 +05:30 [INF] Received HTTP response headers after 732.2672ms - 404
2026-05-21 12:09:15.521 +05:30 [INF] End processing HTTP request after 740.2033ms - 404
2026-05-21 12:09:15.523 +05:30 [ERR] Gemini embedding error: "NotFound"
2026-05-21 12:09:15.527 +05:30 [INF] Executed handler method OnPostAsk, returned result Microsoft.AspNetCore.Mvc.JsonResult.
2026-05-21 12:09:15.529 +05:30 [INF] Executing JsonResult, writing value of type '<>f__AnonymousType12`1[[System.String, System.Private.CoreLib, Version=10.0.0.0, Culture=neutral, PublicKeyToken=7cec85d7bea7798e]]'.
2026-05-21 12:09:15.532 +05:30 [INF] Executed page /Chat in 756.5726ms
2026-05-21 12:09:15.535 +05:30 [INF] Executed endpoint '/Chat'
2026-05-21 12:09:15.537 +05:30 [INF] HTTP POST /Chat responded 200 in 767.3616 ms
2026-05-21 12:09:15.540 +05:30 [INF] Request finished HTTP/1.1 POST http://localhost:5113/Chat?handler=Ask - 200 null application/json; charset=utf-8 775.7745ms
2026-05-21 12:17:32.458 +05:30 [INF] Application is shutting down...
2026-05-21 12:20:23.992 +05:30 [INF] Starting Invoxa application
2026-05-21 12:20:28.725 +05:30 [INF] Acquiring an exclusive lock for migration application. See https://aka.ms/efcore-docs-migrations-lock for more information if this takes too long.
2026-05-21 12:20:28.918 +05:30 [INF] Executed DbCommand (47ms) [Parameters=[], CommandType='"Text"', CommandTimeout='30']
SELECT COUNT(*) FROM "sqlite_master" WHERE "name" = '__EFMigrationsLock' AND "type" = 'table';
2026-05-21 12:20:29.589 +05:30 [INF] Executed DbCommand (266ms) [Parameters=[], CommandType='"Text"', CommandTimeout='30']
INSERT OR IGNORE INTO "__EFMigrationsLock"("Id", "Timestamp") VALUES(1, '2026-05-21 06:50:29.319596+00:00');
SELECT changes();
2026-05-21 12:20:29.810 +05:30 [INF] Executed DbCommand (1ms) [Parameters=[], CommandType='"Text"', CommandTimeout='30']
CREATE TABLE IF NOT EXISTS "__EFMigrationsHistory" (
    "MigrationId" TEXT NOT NULL CONSTRAINT "PK___EFMigrationsHistory" PRIMARY KEY,
    "ProductVersion" TEXT NOT NULL
);
2026-05-21 12:20:29.869 +05:30 [INF] Executed DbCommand (0ms) [Parameters=[], CommandType='"Text"', CommandTimeout='30']
SELECT COUNT(*) FROM "sqlite_master" WHERE "name" = '__EFMigrationsHistory' AND "type" = 'table';
2026-05-21 12:20:29.911 +05:30 [INF] Executed DbCommand (8ms) [Parameters=[], CommandType='"Text"', CommandTimeout='30']
SELECT "MigrationId", "ProductVersion"
FROM "__EFMigrationsHistory"
ORDER BY "MigrationId";
2026-05-21 12:20:29.967 +05:30 [INF] No migrations were applied. The database is already up to date.
2026-05-21 12:20:30.201 +05:30 [INF] Executed DbCommand (221ms) [Parameters=[], CommandType='"Text"', CommandTimeout='30']
DELETE FROM "__EFMigrationsLock";
2026-05-21 12:20:31.512 +05:30 [INF] Executed DbCommand (17ms) [Parameters=[@normalizedName='?' (Size = 5)], CommandType='"Text"', CommandTimeout='30']
SELECT "a"."Id", "a"."ConcurrencyStamp", "a"."Name", "a"."NormalizedName"
FROM "AspNetRoles" AS "a"
WHERE "a"."NormalizedName" = @normalizedName
LIMIT 1
2026-05-21 12:20:31.581 +05:30 [INF] Executed DbCommand (0ms) [Parameters=[@normalizedName='?' (Size = 5)], CommandType='"Text"', CommandTimeout='30']
SELECT "a"."Id", "a"."ConcurrencyStamp", "a"."Name", "a"."NormalizedName"
FROM "AspNetRoles" AS "a"
WHERE "a"."NormalizedName" = @normalizedName
LIMIT 1
2026-05-21 12:20:32.134 +05:30 [INF] Executed DbCommand (6ms) [Parameters=[@p0='?' (Size = 36), @p1='?' (Size = 36), @p2='?' (Size = 5), @p3='?' (Size = 5)], CommandType='"Text"', CommandTimeout='30']
INSERT INTO "AspNetRoles" ("Id", "ConcurrencyStamp", "Name", "NormalizedName")
VALUES (@p0, @p1, @p2, @p3);
2026-05-21 12:20:32.297 +05:30 [INF] Executed DbCommand (1ms) [Parameters=[@normalizedName='?' (Size = 7)], CommandType='"Text"', CommandTimeout='30']
SELECT "a"."Id", "a"."ConcurrencyStamp", "a"."Name", "a"."NormalizedName"
FROM "AspNetRoles" AS "a"
WHERE "a"."NormalizedName" = @normalizedName
LIMIT 1
2026-05-21 12:20:32.435 +05:30 [INF] Executed DbCommand (0ms) [Parameters=[@normalizedName='?' (Size = 7)], CommandType='"Text"', CommandTimeout='30']
SELECT "a"."Id", "a"."ConcurrencyStamp", "a"."Name", "a"."NormalizedName"
FROM "AspNetRoles" AS "a"
WHERE "a"."NormalizedName" = @normalizedName
LIMIT 1
2026-05-21 12:20:32.929 +05:30 [INF] Executed DbCommand (2ms) [Parameters=[@p0='?' (Size = 36), @p1='?' (Size = 36), @p2='?' (Size = 7), @p3='?' (Size = 7)], CommandType='"Text"', CommandTimeout='30']
INSERT INTO "AspNetRoles" ("Id", "ConcurrencyStamp", "Name", "NormalizedName")
VALUES (@p0, @p1, @p2, @p3);
2026-05-21 12:20:32.987 +05:30 [INF] Executed DbCommand (2ms) [Parameters=[@normalizedName='?' (Size = 6)], CommandType='"Text"', CommandTimeout='30']
SELECT "a"."Id", "a"."ConcurrencyStamp", "a"."Name", "a"."NormalizedName"
FROM "AspNetRoles" AS "a"
WHERE "a"."NormalizedName" = @normalizedName
LIMIT 1
2026-05-21 12:20:33.064 +05:30 [INF] Executed DbCommand (0ms) [Parameters=[@normalizedName='?' (Size = 6)], CommandType='"Text"', CommandTimeout='30']
SELECT "a"."Id", "a"."ConcurrencyStamp", "a"."Name", "a"."NormalizedName"
FROM "AspNetRoles" AS "a"
WHERE "a"."NormalizedName" = @normalizedName
LIMIT 1
2026-05-21 12:20:33.123 +05:30 [INF] Executed DbCommand (3ms) [Parameters=[@p0='?' (Size = 36), @p1='?' (Size = 36), @p2='?' (Size = 6), @p3='?' (Size = 6)], CommandType='"Text"', CommandTimeout='30']
INSERT INTO "AspNetRoles" ("Id", "ConcurrencyStamp", "Name", "NormalizedName")
VALUES (@p0, @p1, @p2, @p3);
2026-05-21 12:20:33.537 +05:30 [INF] User profile is available. Using 'C:\Users\saldubey\AppData\Local\ASP.NET\DataProtection-Keys' as key repository and Windows DPAPI to encrypt keys at rest.
2026-05-21 12:20:34.170 +05:30 [INF] Now listening on: http://localhost:5113
2026-05-21 12:20:34.178 +05:30 [INF] Application started. Press Ctrl+C to shut down.
2026-05-21 12:20:34.195 +05:30 [INF] Hosting environment: Development
2026-05-21 12:20:34.201 +05:30 [INF] Content root path: C:\Users\saldubey\InvoiceProcessingWebApp
2026-05-21 12:20:43.770 +05:30 [INF] Request starting HTTP/1.1 GET http://localhost:5113/ - null null
2026-05-21 12:20:43.825 +05:30 [WRN] Failed to determine the https port for redirect.
2026-05-21 12:20:44.162 +05:30 [INF] Executed DbCommand (0ms) [Parameters=[@p='?' (Size = 36)], CommandType='"Text"', CommandTimeout='30']
SELECT "a"."Id", "a"."AccessFailedCount", "a"."ConcurrencyStamp", "a"."Email", "a"."EmailConfirmed", "a"."LockoutEnabled", "a"."LockoutEnd", "a"."NormalizedEmail", "a"."NormalizedUserName", "a"."PasswordHash", "a"."PhoneNumber", "a"."PhoneNumberConfirmed", "a"."SecurityStamp", "a"."TwoFactorEnabled", "a"."UserName"
FROM "AspNetUsers" AS "a"
WHERE "a"."Id" = @p
LIMIT 1
2026-05-21 12:20:44.564 +05:30 [INF] Executed DbCommand (0ms) [Parameters=[@user_Id='?' (Size = 36)], CommandType='"Text"', CommandTimeout='30']
SELECT "a"."Id", "a"."ClaimType", "a"."ClaimValue", "a"."UserId"
FROM "AspNetUserClaims" AS "a"
WHERE "a"."UserId" = @user_Id
2026-05-21 12:20:44.647 +05:30 [INF] Executed DbCommand (0ms) [Parameters=[@userId='?' (Size = 36)], CommandType='"Text"', CommandTimeout='30']
SELECT "a0"."Name"
FROM "AspNetUserRoles" AS "a"
INNER JOIN "AspNetRoles" AS "a0" ON "a"."RoleId" = "a0"."Id"
WHERE "a"."UserId" = @userId
2026-05-21 12:20:44.672 +05:30 [INF] Executing endpoint '/Index'
2026-05-21 12:20:44.744 +05:30 [INF] Route matched with {page = "/Index"}. Executing page /Index
2026-05-21 12:20:44.772 +05:30 [INF] Executing handler method InvoiceProcessingWebApp.Pages.IndexModel.OnGetAsync - ModelState is "Valid"
2026-05-21 12:20:44.807 +05:30 [INF] Executed DbCommand (0ms) [Parameters=[], CommandType='"Text"', CommandTimeout='30']
SELECT "i"."Id", "i"."Amount", "i"."InvoiceDate", "i"."InvoiceNumber", "i"."PurchaseOrderNumber", "i"."Status", "i"."VendorName"
FROM "Invoices" AS "i"
2026-05-21 12:20:44.895 +05:30 [INF] Executed DbCommand (0ms) [Parameters=[@userId='?' (Size = 36)], CommandType='"Text"', CommandTimeout='30']
SELECT "a0"."Name"
FROM "AspNetUserRoles" AS "a"
INNER JOIN "AspNetRoles" AS "a0" ON "a"."RoleId" = "a0"."Id"
WHERE "a"."UserId" = @userId
2026-05-21 12:20:44.907 +05:30 [INF] Executed handler method OnGetAsync, returned result .
2026-05-21 12:20:44.929 +05:30 [INF] Executing an implicit handler method - ModelState is "Valid"
2026-05-21 12:20:44.944 +05:30 [INF] Executed an implicit handler method, returned result Microsoft.AspNetCore.Mvc.RazorPages.PageResult.
2026-05-21 12:20:45.249 +05:30 [INF] Executed page /Index in 493.1303ms
2026-05-21 12:20:45.257 +05:30 [INF] Request starting HTTP/1.1 GET http://localhost:5113/ - null null
2026-05-21 12:20:45.261 +05:30 [INF] Executed endpoint '/Index'
2026-05-21 12:20:45.330 +05:30 [INF] HTTP GET / responded 200 in 658.7833 ms
2026-05-21 12:20:45.498 +05:30 [INF] Request finished HTTP/1.1 GET http://localhost:5113/ - 200 null text/html; charset=utf-8 1739.7846ms
2026-05-21 12:20:45.763 +05:30 [INF] Executed DbCommand (0ms) [Parameters=[@p='?' (Size = 36)], CommandType='"Text"', CommandTimeout='30']
SELECT "a"."Id", "a"."AccessFailedCount", "a"."ConcurrencyStamp", "a"."Email", "a"."EmailConfirmed", "a"."LockoutEnabled", "a"."LockoutEnd", "a"."NormalizedEmail", "a"."NormalizedUserName", "a"."PasswordHash", "a"."PhoneNumber", "a"."PhoneNumberConfirmed", "a"."SecurityStamp", "a"."TwoFactorEnabled", "a"."UserName"
FROM "AspNetUsers" AS "a"
WHERE "a"."Id" = @p
LIMIT 1
2026-05-21 12:20:45.848 +05:30 [INF] Executed DbCommand (1ms) [Parameters=[@user_Id='?' (Size = 36)], CommandType='"Text"', CommandTimeout='30']
SELECT "a"."Id", "a"."ClaimType", "a"."ClaimValue", "a"."UserId"
FROM "AspNetUserClaims" AS "a"
WHERE "a"."UserId" = @user_Id
2026-05-21 12:20:46.509 +05:30 [INF] Executed DbCommand (0ms) [Parameters=[@userId='?' (Size = 36)], CommandType='"Text"', CommandTimeout='30']
SELECT "a0"."Name"
FROM "AspNetUserRoles" AS "a"
INNER JOIN "AspNetRoles" AS "a0" ON "a"."RoleId" = "a0"."Id"
WHERE "a"."UserId" = @userId
2026-05-21 12:20:46.849 +05:30 [INF] Executing endpoint '/Index'
2026-05-21 12:20:46.891 +05:30 [INF] Route matched with {page = "/Index"}. Executing page /Index
2026-05-21 12:20:46.910 +05:30 [INF] Executing handler method InvoiceProcessingWebApp.Pages.IndexModel.OnGetAsync - ModelState is "Valid"
2026-05-21 12:20:47.048 +05:30 [INF] Executed DbCommand (0ms) [Parameters=[], CommandType='"Text"', CommandTimeout='30']
SELECT "i"."Id", "i"."Amount", "i"."InvoiceDate", "i"."InvoiceNumber", "i"."PurchaseOrderNumber", "i"."Status", "i"."VendorName"
FROM "Invoices" AS "i"
2026-05-21 12:20:47.113 +05:30 [INF] Executed DbCommand (0ms) [Parameters=[@userId='?' (Size = 36)], CommandType='"Text"', CommandTimeout='30']
SELECT "a0"."Name"
FROM "AspNetUserRoles" AS "a"
INNER JOIN "AspNetRoles" AS "a0" ON "a"."RoleId" = "a0"."Id"
WHERE "a"."UserId" = @userId
2026-05-21 12:20:47.187 +05:30 [INF] Executed handler method OnGetAsync, returned result .
2026-05-21 12:20:47.207 +05:30 [INF] Executing an implicit handler method - ModelState is "Valid"
2026-05-21 12:20:47.214 +05:30 [INF] Executed an implicit handler method, returned result Microsoft.AspNetCore.Mvc.RazorPages.PageResult.
2026-05-21 12:20:47.287 +05:30 [INF] Executed page /Index in 381.0082ms
2026-05-21 12:20:47.334 +05:30 [INF] Executed endpoint '/Index'
2026-05-21 12:20:47.438 +05:30 [INF] HTTP GET / responded 200 in 589.1420 ms
2026-05-21 12:20:47.640 +05:30 [INF] Request finished HTTP/1.1 GET http://localhost:5113/ - 200 null text/html; charset=utf-8 2383.162ms
2026-05-21 12:20:55.824 +05:30 [INF] Request starting HTTP/1.1 POST http://localhost:5113/Account/Logout - application/x-www-form-urlencoded 225
2026-05-21 12:20:55.896 +05:30 [INF] Executing endpoint '/Account/Logout'
2026-05-21 12:20:55.920 +05:30 [INF] Route matched with {page = "/Account/Logout"}. Executing page /Account/Logout
2026-05-21 12:20:55.939 +05:30 [INF] Executing handler method InvoiceProcessingWebApp.Pages.Account.LogoutModel.OnPostAsync - ModelState is "Valid"
2026-05-21 12:20:55.950 +05:30 [INF] AuthenticationScheme: Identity.Application signed out.
2026-05-21 12:20:55.954 +05:30 [INF] AuthenticationScheme: Identity.External signed out.
2026-05-21 12:20:55.958 +05:30 [INF] AuthenticationScheme: Identity.TwoFactorUserId signed out.
2026-05-21 12:20:55.961 +05:30 [INF] User logged out
2026-05-21 12:20:55.965 +05:30 [INF] Executed handler method OnPostAsync, returned result Microsoft.AspNetCore.Mvc.RedirectToPageResult.
2026-05-21 12:20:55.969 +05:30 [INF] Executing RedirectToPageResult, redirecting to /Account/Login.
2026-05-21 12:20:55.972 +05:30 [INF] Executed page /Account/Logout in 48.8658ms
2026-05-21 12:20:55.975 +05:30 [INF] Executed endpoint '/Account/Logout'
2026-05-21 12:20:55.977 +05:30 [INF] HTTP POST /Account/Logout responded 302 in 80.4929 ms
2026-05-21 12:20:55.982 +05:30 [INF] Request finished HTTP/1.1 POST http://localhost:5113/Account/Logout - 302 0 null 158.6462ms
2026-05-21 12:20:56.003 +05:30 [INF] Request starting HTTP/1.1 GET http://localhost:5113/Account/Login - null null
2026-05-21 12:20:56.017 +05:30 [INF] Executing endpoint '/Account/Login'
2026-05-21 12:20:56.077 +05:30 [INF] Route matched with {page = "/Account/Login"}. Executing page /Account/Login
2026-05-21 12:20:56.101 +05:30 [INF] Executing handler method InvoiceProcessingWebApp.Pages.Account.LoginModel.OnGet - ModelState is "Valid"
2026-05-21 12:20:56.105 +05:30 [INF] Executed handler method OnGet, returned result .
2026-05-21 12:20:56.107 +05:30 [INF] Executing an implicit handler method - ModelState is "Valid"
2026-05-21 12:20:56.109 +05:30 [INF] Executed an implicit handler method, returned result Microsoft.AspNetCore.Mvc.RazorPages.PageResult.
2026-05-21 12:20:56.228 +05:30 [INF] Executed page /Account/Login in 147.0515ms
2026-05-21 12:20:56.231 +05:30 [INF] Executed endpoint '/Account/Login'
2026-05-21 12:20:56.234 +05:30 [INF] HTTP GET /Account/Login responded 200 in 216.7851 ms
2026-05-21 12:20:56.247 +05:30 [INF] Request finished HTTP/1.1 GET http://localhost:5113/Account/Login - 200 null text/html; charset=utf-8 244.5592ms
2026-05-21 12:21:07.643 +05:30 [INF] Request starting HTTP/1.1 POST http://localhost:5113/Account/Login - application/x-www-form-urlencoded 272
2026-05-21 12:21:07.798 +05:30 [INF] Executing endpoint '/Account/Login'
2026-05-21 12:21:07.824 +05:30 [INF] Route matched with {page = "/Account/Login"}. Executing page /Account/Login
2026-05-21 12:21:07.890 +05:30 [INF] Executing handler method InvoiceProcessingWebApp.Pages.Account.LoginModel.OnPostAsync - ModelState is "Valid"
2026-05-21 12:21:07.946 +05:30 [INF] Executed DbCommand (1ms) [Parameters=[@normalizedUserName='?' (Size = 23)], CommandType='"Text"', CommandTimeout='30']
SELECT "a"."Id", "a"."AccessFailedCount", "a"."ConcurrencyStamp", "a"."Email", "a"."EmailConfirmed", "a"."LockoutEnabled", "a"."LockoutEnd", "a"."NormalizedEmail", "a"."NormalizedUserName", "a"."PasswordHash", "a"."PhoneNumber", "a"."PhoneNumberConfirmed", "a"."SecurityStamp", "a"."TwoFactorEnabled", "a"."UserName"
FROM "AspNetUsers" AS "a"
WHERE "a"."NormalizedUserName" = @normalizedUserName
LIMIT 1
2026-05-21 12:21:08.171 +05:30 [INF] Executed DbCommand (0ms) [Parameters=[@user_Id='?' (Size = 36)], CommandType='"Text"', CommandTimeout='30']
SELECT "a"."Id", "a"."ClaimType", "a"."ClaimValue", "a"."UserId"
FROM "AspNetUserClaims" AS "a"
WHERE "a"."UserId" = @user_Id
2026-05-21 12:21:08.208 +05:30 [INF] Executed DbCommand (0ms) [Parameters=[@userId='?' (Size = 36)], CommandType='"Text"', CommandTimeout='30']
SELECT "a0"."Name"
FROM "AspNetUserRoles" AS "a"
INNER JOIN "AspNetRoles" AS "a0" ON "a"."RoleId" = "a0"."Id"
WHERE "a"."UserId" = @userId
2026-05-21 12:21:08.246 +05:30 [INF] AuthenticationScheme: Identity.Application signed in.
2026-05-21 12:21:08.254 +05:30 [INF] User salonidubey97@gmail.com logged in
2026-05-21 12:21:08.282 +05:30 [INF] Executed handler method OnPostAsync, returned result Microsoft.AspNetCore.Mvc.LocalRedirectResult.
2026-05-21 12:21:08.315 +05:30 [INF] Executing LocalRedirectResult, redirecting to /.
2026-05-21 12:21:08.343 +05:30 [INF] Executed page /Account/Login in 503.3608ms
2026-05-21 12:21:08.377 +05:30 [INF] Executed endpoint '/Account/Login'
2026-05-21 12:21:08.400 +05:30 [INF] HTTP POST /Account/Login responded 302 in 601.9361 ms
2026-05-21 12:21:08.427 +05:30 [INF] Request finished HTTP/1.1 POST http://localhost:5113/Account/Login - 302 0 null 783.2568ms
2026-05-21 12:21:08.558 +05:30 [INF] Request starting HTTP/1.1 GET http://localhost:5113/ - null null
2026-05-21 12:21:09.174 +05:30 [INF] Executing endpoint '/Index'
2026-05-21 12:21:09.190 +05:30 [INF] Route matched with {page = "/Index"}. Executing page /Index
2026-05-21 12:21:09.215 +05:30 [INF] Executing handler method InvoiceProcessingWebApp.Pages.IndexModel.OnGetAsync - ModelState is "Valid"
2026-05-21 12:21:09.265 +05:30 [INF] Executed DbCommand (0ms) [Parameters=[], CommandType='"Text"', CommandTimeout='30']
SELECT "i"."Id", "i"."Amount", "i"."InvoiceDate", "i"."InvoiceNumber", "i"."PurchaseOrderNumber", "i"."Status", "i"."VendorName"
FROM "Invoices" AS "i"
2026-05-21 12:21:09.281 +05:30 [INF] Executed DbCommand (0ms) [Parameters=[@p='?' (Size = 36)], CommandType='"Text"', CommandTimeout='30']
SELECT "a"."Id", "a"."AccessFailedCount", "a"."ConcurrencyStamp", "a"."Email", "a"."EmailConfirmed", "a"."LockoutEnabled", "a"."LockoutEnd", "a"."NormalizedEmail", "a"."NormalizedUserName", "a"."PasswordHash", "a"."PhoneNumber", "a"."PhoneNumberConfirmed", "a"."SecurityStamp", "a"."TwoFactorEnabled", "a"."UserName"
FROM "AspNetUsers" AS "a"
WHERE "a"."Id" = @p
LIMIT 1
2026-05-21 12:21:09.290 +05:30 [INF] Executed DbCommand (0ms) [Parameters=[@userId='?' (Size = 36)], CommandType='"Text"', CommandTimeout='30']
SELECT "a0"."Name"
FROM "AspNetUserRoles" AS "a"
INNER JOIN "AspNetRoles" AS "a0" ON "a"."RoleId" = "a0"."Id"
WHERE "a"."UserId" = @userId
2026-05-21 12:21:09.304 +05:30 [INF] Executed handler method OnGetAsync, returned result .
2026-05-21 12:21:09.309 +05:30 [INF] Executing an implicit handler method - ModelState is "Valid"
2026-05-21 12:21:09.329 +05:30 [INF] Executed an implicit handler method, returned result Microsoft.AspNetCore.Mvc.RazorPages.PageResult.
2026-05-21 12:21:09.365 +05:30 [INF] Executed page /Index in 149.5845ms
2026-05-21 12:21:09.502 +05:30 [INF] Executed endpoint '/Index'
2026-05-21 12:21:09.551 +05:30 [INF] HTTP GET / responded 200 in 377.8463 ms
2026-05-21 12:21:09.599 +05:30 [INF] Request finished HTTP/1.1 GET http://localhost:5113/ - 200 null text/html; charset=utf-8 1042.0682ms
2026-05-21 12:21:12.885 +05:30 [INF] Request starting HTTP/1.1 POST http://localhost:5113/Account/Logout - application/x-www-form-urlencoded 225
2026-05-21 12:21:12.918 +05:30 [INF] Executing endpoint '/Account/Logout'
2026-05-21 12:21:12.948 +05:30 [INF] Route matched with {page = "/Account/Logout"}. Executing page /Account/Logout
2026-05-21 12:21:12.956 +05:30 [INF] Executing handler method InvoiceProcessingWebApp.Pages.Account.LogoutModel.OnPostAsync - ModelState is "Valid"
2026-05-21 12:21:12.982 +05:30 [INF] AuthenticationScheme: Identity.Application signed out.
2026-05-21 12:21:12.985 +05:30 [INF] AuthenticationScheme: Identity.External signed out.
2026-05-21 12:21:12.988 +05:30 [INF] AuthenticationScheme: Identity.TwoFactorUserId signed out.
2026-05-21 12:21:13.002 +05:30 [INF] User logged out
2026-05-21 12:21:13.006 +05:30 [INF] Executed handler method OnPostAsync, returned result Microsoft.AspNetCore.Mvc.RedirectToPageResult.
2026-05-21 12:21:13.021 +05:30 [INF] Executing RedirectToPageResult, redirecting to /Account/Login.
2026-05-21 12:21:13.036 +05:30 [INF] Executed page /Account/Logout in 81.9143ms
2026-05-21 12:21:13.049 +05:30 [INF] Executed endpoint '/Account/Logout'
2026-05-21 12:21:13.061 +05:30 [INF] HTTP POST /Account/Logout responded 302 in 142.9195 ms
2026-05-21 12:21:13.072 +05:30 [INF] Request finished HTTP/1.1 POST http://localhost:5113/Account/Logout - 302 0 null 186.9105ms
2026-05-21 12:21:13.102 +05:30 [INF] Request starting HTTP/1.1 GET http://localhost:5113/Account/Login - null null
2026-05-21 12:21:13.106 +05:30 [INF] Executing endpoint '/Account/Login'
2026-05-21 12:21:13.115 +05:30 [INF] Route matched with {page = "/Account/Login"}. Executing page /Account/Login
2026-05-21 12:21:13.120 +05:30 [INF] Executing handler method InvoiceProcessingWebApp.Pages.Account.LoginModel.OnGet - ModelState is "Valid"
2026-05-21 12:21:13.126 +05:30 [INF] Executed handler method OnGet, returned result .
2026-05-21 12:21:13.131 +05:30 [INF] Executing an implicit handler method - ModelState is "Valid"
2026-05-21 12:21:13.134 +05:30 [INF] Executed an implicit handler method, returned result Microsoft.AspNetCore.Mvc.RazorPages.PageResult.
2026-05-21 12:21:13.149 +05:30 [INF] Executed page /Account/Login in 29.6317ms
2026-05-21 12:21:13.170 +05:30 [INF] Executed endpoint '/Account/Login'
2026-05-21 12:21:13.187 +05:30 [INF] HTTP GET /Account/Login responded 200 in 81.0607 ms
2026-05-21 12:21:13.256 +05:30 [INF] Request finished HTTP/1.1 GET http://localhost:5113/Account/Login - 200 null text/html; charset=utf-8 154.0308ms
2026-05-21 12:21:16.338 +05:30 [INF] Request starting HTTP/1.1 GET http://localhost:5113/Account/Register - null null
2026-05-21 12:21:16.383 +05:30 [INF] Executing endpoint '/Account/Register'
2026-05-21 12:21:16.420 +05:30 [INF] Route matched with {page = "/Account/Register"}. Executing page /Account/Register
2026-05-21 12:21:16.431 +05:30 [INF] Executing an implicit handler method - ModelState is "Valid"
2026-05-21 12:21:16.435 +05:30 [INF] Executed an implicit handler method, returned result Microsoft.AspNetCore.Mvc.RazorPages.PageResult.
2026-05-21 12:21:16.535 +05:30 [INF] Executed page /Account/Register in 106.6246ms
2026-05-21 12:21:16.542 +05:30 [INF] Executed endpoint '/Account/Register'
2026-05-21 12:21:16.559 +05:30 [INF] HTTP GET /Account/Register responded 200 in 177.7032 ms
2026-05-21 12:21:16.672 +05:30 [INF] Request finished HTTP/1.1 GET http://localhost:5113/Account/Register - 200 null text/html; charset=utf-8 333.8579ms
2026-05-21 12:21:46.749 +05:30 [INF] Request starting HTTP/1.1 POST http://localhost:5113/Account/Register - application/x-www-form-urlencoded 306
2026-05-21 12:21:46.810 +05:30 [INF] Executing endpoint '/Account/Register'
2026-05-21 12:21:46.827 +05:30 [INF] Route matched with {page = "/Account/Register"}. Executing page /Account/Register
2026-05-21 12:21:46.933 +05:30 [INF] Executing handler method InvoiceProcessingWebApp.Pages.Account.RegisterModel.OnPostAsync - ModelState is "Valid"
2026-05-21 12:21:47.094 +05:30 [INF] Executed DbCommand (2ms) [Parameters=[@normalizedEmail='?' (Size = 26)], CommandType='"Text"', CommandTimeout='30']
SELECT "a"."Id", "a"."AccessFailedCount", "a"."ConcurrencyStamp", "a"."Email", "a"."EmailConfirmed", "a"."LockoutEnabled", "a"."LockoutEnd", "a"."NormalizedEmail", "a"."NormalizedUserName", "a"."PasswordHash", "a"."PhoneNumber", "a"."PhoneNumberConfirmed", "a"."SecurityStamp", "a"."TwoFactorEnabled", "a"."UserName"
FROM "AspNetUsers" AS "a"
WHERE "a"."NormalizedEmail" = @normalizedEmail
LIMIT 2
2026-05-21 12:21:47.144 +05:30 [INF] Executed handler method OnPostAsync, returned result Microsoft.AspNetCore.Mvc.RazorPages.PageResult.
2026-05-21 12:21:47.200 +05:30 [INF] Executed page /Account/Register in 367.2577ms
2026-05-21 12:21:47.503 +05:30 [INF] Executed endpoint '/Account/Register'
2026-05-21 12:21:47.643 +05:30 [INF] HTTP POST /Account/Register responded 200 in 828.2735 ms
2026-05-21 12:21:47.768 +05:30 [INF] Request finished HTTP/1.1 POST http://localhost:5113/Account/Register - 200 null text/html; charset=utf-8 1026.048ms
2026-05-21 12:22:02.844 +05:30 [INF] Request starting HTTP/1.1 POST http://localhost:5113/Account/Register - application/x-www-form-urlencoded 306
2026-05-21 12:22:02.850 +05:30 [INF] Executing endpoint '/Account/Register'
2026-05-21 12:22:02.854 +05:30 [INF] Route matched with {page = "/Account/Register"}. Executing page /Account/Register
2026-05-21 12:22:02.881 +05:30 [INF] Executing handler method InvoiceProcessingWebApp.Pages.Account.RegisterModel.OnPostAsync - ModelState is "Valid"
2026-05-21 12:22:02.887 +05:30 [INF] Executed DbCommand (0ms) [Parameters=[@normalizedEmail='?' (Size = 26)], CommandType='"Text"', CommandTimeout='30']
SELECT "a"."Id", "a"."AccessFailedCount", "a"."ConcurrencyStamp", "a"."Email", "a"."EmailConfirmed", "a"."LockoutEnabled", "a"."LockoutEnd", "a"."NormalizedEmail", "a"."NormalizedUserName", "a"."PasswordHash", "a"."PhoneNumber", "a"."PhoneNumberConfirmed", "a"."SecurityStamp", "a"."TwoFactorEnabled", "a"."UserName"
FROM "AspNetUsers" AS "a"
WHERE "a"."NormalizedEmail" = @normalizedEmail
LIMIT 2
2026-05-21 12:22:03.085 +05:30 [INF] Executed DbCommand (0ms) [Parameters=[@normalizedUserName='?' (Size = 26)], CommandType='"Text"', CommandTimeout='30']
SELECT "a"."Id", "a"."AccessFailedCount", "a"."ConcurrencyStamp", "a"."Email", "a"."EmailConfirmed", "a"."LockoutEnabled", "a"."LockoutEnd", "a"."NormalizedEmail", "a"."NormalizedUserName", "a"."PasswordHash", "a"."PhoneNumber", "a"."PhoneNumberConfirmed", "a"."SecurityStamp", "a"."TwoFactorEnabled", "a"."UserName"
FROM "AspNetUsers" AS "a"
WHERE "a"."NormalizedUserName" = @normalizedUserName
LIMIT 1
2026-05-21 12:22:03.092 +05:30 [INF] Executed DbCommand (0ms) [Parameters=[@normalizedEmail='?' (Size = 26)], CommandType='"Text"', CommandTimeout='30']
SELECT "a"."Id", "a"."AccessFailedCount", "a"."ConcurrencyStamp", "a"."Email", "a"."EmailConfirmed", "a"."LockoutEnabled", "a"."LockoutEnd", "a"."NormalizedEmail", "a"."NormalizedUserName", "a"."PasswordHash", "a"."PhoneNumber", "a"."PhoneNumberConfirmed", "a"."SecurityStamp", "a"."TwoFactorEnabled", "a"."UserName"
FROM "AspNetUsers" AS "a"
WHERE "a"."NormalizedEmail" = @normalizedEmail
LIMIT 2
2026-05-21 12:22:03.207 +05:30 [INF] Executed DbCommand (14ms) [Parameters=[@p0='?' (Size = 36), @p1='?' (DbType = Int32), @p2='?' (Size = 36), @p3='?' (Size = 26), @p4='?' (DbType = Boolean), @p5='?' (DbType = Boolean), @p6='?' (DbType = DateTimeOffset), @p7='?' (Size = 26), @p8='?' (Size = 26), @p9='?' (Size = 84), @p10='?', @p11='?' (DbType = Boolean), @p12='?' (Size = 32), @p13='?' (DbType = Boolean), @p14='?' (Size = 26)], CommandType='"Text"', CommandTimeout='30']
INSERT INTO "AspNetUsers" ("Id", "AccessFailedCount", "ConcurrencyStamp", "Email", "EmailConfirmed", "LockoutEnabled", "LockoutEnd", "NormalizedEmail", "NormalizedUserName", "PasswordHash", "PhoneNumber", "PhoneNumberConfirmed", "SecurityStamp", "TwoFactorEnabled", "UserName")
VALUES (@p0, @p1, @p2, @p3, @p4, @p5, @p6, @p7, @p8, @p9, @p10, @p11, @p12, @p13, @p14);
2026-05-21 12:22:03.224 +05:30 [INF] New user registered: saloni.dubey@capgemini.com
2026-05-21 12:22:03.238 +05:30 [INF] Executed handler method OnPostAsync, returned result Microsoft.AspNetCore.Mvc.RedirectToPageResult.
2026-05-21 12:22:03.253 +05:30 [INF] Executing RedirectToPageResult, redirecting to /Account/Login.
2026-05-21 12:22:03.255 +05:30 [INF] Executed page /Account/Register in 385.3395ms
2026-05-21 12:22:03.259 +05:30 [INF] Executed endpoint '/Account/Register'
2026-05-21 12:22:03.261 +05:30 [INF] HTTP POST /Account/Register responded 302 in 411.3988 ms
2026-05-21 12:22:03.265 +05:30 [INF] Request finished HTTP/1.1 POST http://localhost:5113/Account/Register - 302 0 null 421.4416ms
2026-05-21 12:22:03.287 +05:30 [INF] Request starting HTTP/1.1 GET http://localhost:5113/Account/Login?message=registered - null null
2026-05-21 12:22:03.297 +05:30 [INF] Executing endpoint '/Account/Login'
2026-05-21 12:22:03.299 +05:30 [INF] Route matched with {page = "/Account/Login"}. Executing page /Account/Login
2026-05-21 12:22:03.320 +05:30 [INF] Executing handler method InvoiceProcessingWebApp.Pages.Account.LoginModel.OnGet - ModelState is "Valid"
2026-05-21 12:22:03.324 +05:30 [INF] Executed handler method OnGet, returned result .
2026-05-21 12:22:03.327 +05:30 [INF] Executing an implicit handler method - ModelState is "Valid"
2026-05-21 12:22:03.329 +05:30 [INF] Executed an implicit handler method, returned result Microsoft.AspNetCore.Mvc.RazorPages.PageResult.
2026-05-21 12:22:03.338 +05:30 [INF] Executed page /Account/Login in 36.2941ms
2026-05-21 12:22:03.344 +05:30 [INF] Executed endpoint '/Account/Login'
2026-05-21 12:22:03.346 +05:30 [INF] HTTP GET /Account/Login responded 200 in 49.3470 ms
2026-05-21 12:22:03.353 +05:30 [INF] Request finished HTTP/1.1 GET http://localhost:5113/Account/Login?message=registered - 200 null text/html; charset=utf-8 66.1321ms
2026-05-21 12:22:13.734 +05:30 [INF] Request starting HTTP/1.1 POST http://localhost:5113/Account/Login?message=registered - application/x-www-form-urlencoded 273
2026-05-21 12:22:13.741 +05:30 [INF] Executing endpoint '/Account/Login'
2026-05-21 12:22:13.743 +05:30 [INF] Route matched with {page = "/Account/Login"}. Executing page /Account/Login
2026-05-21 12:22:13.750 +05:30 [INF] Executing handler method InvoiceProcessingWebApp.Pages.Account.LoginModel.OnPostAsync - ModelState is "Valid"
2026-05-21 12:22:13.779 +05:30 [INF] Executed DbCommand (0ms) [Parameters=[@normalizedUserName='?' (Size = 26)], CommandType='"Text"', CommandTimeout='30']
SELECT "a"."Id", "a"."AccessFailedCount", "a"."ConcurrencyStamp", "a"."Email", "a"."EmailConfirmed", "a"."LockoutEnabled", "a"."LockoutEnd", "a"."NormalizedEmail", "a"."NormalizedUserName", "a"."PasswordHash", "a"."PhoneNumber", "a"."PhoneNumberConfirmed", "a"."SecurityStamp", "a"."TwoFactorEnabled", "a"."UserName"
FROM "AspNetUsers" AS "a"
WHERE "a"."NormalizedUserName" = @normalizedUserName
LIMIT 1
2026-05-21 12:22:13.980 +05:30 [INF] Executed DbCommand (0ms) [Parameters=[@user_Id='?' (Size = 36)], CommandType='"Text"', CommandTimeout='30']
SELECT "a"."Id", "a"."ClaimType", "a"."ClaimValue", "a"."UserId"
FROM "AspNetUserClaims" AS "a"
WHERE "a"."UserId" = @user_Id
2026-05-21 12:22:13.995 +05:30 [INF] Executed DbCommand (1ms) [Parameters=[@userId='?' (Size = 36)], CommandType='"Text"', CommandTimeout='30']
SELECT "a0"."Name"
FROM "AspNetUserRoles" AS "a"
INNER JOIN "AspNetRoles" AS "a0" ON "a"."RoleId" = "a0"."Id"
WHERE "a"."UserId" = @userId
2026-05-21 12:22:14.014 +05:30 [INF] AuthenticationScheme: Identity.Application signed in.
2026-05-21 12:22:14.025 +05:30 [INF] User saloni.dubey@capgemini.com logged in
2026-05-21 12:22:14.031 +05:30 [INF] Executed handler method OnPostAsync, returned result Microsoft.AspNetCore.Mvc.LocalRedirectResult.
2026-05-21 12:22:14.040 +05:30 [INF] Executing LocalRedirectResult, redirecting to /.
2026-05-21 12:22:14.042 +05:30 [INF] Executed page /Account/Login in 296.4449ms
2026-05-21 12:22:14.044 +05:30 [INF] Executed endpoint '/Account/Login'
2026-05-21 12:22:14.046 +05:30 [INF] HTTP POST /Account/Login responded 302 in 304.4838 ms
2026-05-21 12:22:14.049 +05:30 [INF] Request finished HTTP/1.1 POST http://localhost:5113/Account/Login?message=registered - 302 0 null 314.6632ms
2026-05-21 12:22:14.064 +05:30 [INF] Request starting HTTP/1.1 GET http://localhost:5113/ - null null
2026-05-21 12:22:14.078 +05:30 [INF] Executing endpoint '/Index'
2026-05-21 12:22:14.079 +05:30 [INF] Route matched with {page = "/Index"}. Executing page /Index
2026-05-21 12:22:14.081 +05:30 [INF] Executing handler method InvoiceProcessingWebApp.Pages.IndexModel.OnGetAsync - ModelState is "Valid"
2026-05-21 12:22:14.088 +05:30 [INF] Executed DbCommand (0ms) [Parameters=[], CommandType='"Text"', CommandTimeout='30']
SELECT "i"."Id", "i"."Amount", "i"."InvoiceDate", "i"."InvoiceNumber", "i"."PurchaseOrderNumber", "i"."Status", "i"."VendorName"
FROM "Invoices" AS "i"
2026-05-21 12:22:14.106 +05:30 [INF] Executed DbCommand (0ms) [Parameters=[@p='?' (Size = 36)], CommandType='"Text"', CommandTimeout='30']
SELECT "a"."Id", "a"."AccessFailedCount", "a"."ConcurrencyStamp", "a"."Email", "a"."EmailConfirmed", "a"."LockoutEnabled", "a"."LockoutEnd", "a"."NormalizedEmail", "a"."NormalizedUserName", "a"."PasswordHash", "a"."PhoneNumber", "a"."PhoneNumberConfirmed", "a"."SecurityStamp", "a"."TwoFactorEnabled", "a"."UserName"
FROM "AspNetUsers" AS "a"
WHERE "a"."Id" = @p
LIMIT 1
2026-05-21 12:22:14.113 +05:30 [INF] Executed DbCommand (0ms) [Parameters=[@userId='?' (Size = 36)], CommandType='"Text"', CommandTimeout='30']
SELECT "a0"."Name"
FROM "AspNetUserRoles" AS "a"
INNER JOIN "AspNetRoles" AS "a0" ON "a"."RoleId" = "a0"."Id"
WHERE "a"."UserId" = @userId
2026-05-21 12:22:14.126 +05:30 [INF] Executed handler method OnGetAsync, returned result .
2026-05-21 12:22:14.129 +05:30 [INF] Executing an implicit handler method - ModelState is "Valid"
2026-05-21 12:22:14.130 +05:30 [INF] Executed an implicit handler method, returned result Microsoft.AspNetCore.Mvc.RazorPages.PageResult.
2026-05-21 12:22:14.142 +05:30 [INF] Executed page /Index in 60.9345ms
2026-05-21 12:22:14.149 +05:30 [INF] Executed endpoint '/Index'
2026-05-21 12:22:14.158 +05:30 [INF] HTTP GET / responded 200 in 80.8207 ms
2026-05-21 12:22:14.163 +05:30 [INF] Request finished HTTP/1.1 GET http://localhost:5113/ - 200 null text/html; charset=utf-8 98.814ms
2026-05-21 12:22:24.144 +05:30 [INF] Request starting HTTP/1.1 GET http://localhost:5113/Invoices/Index - null null
2026-05-21 12:22:24.161 +05:30 [INF] Executing endpoint '/Invoices/Index'
2026-05-21 12:22:24.277 +05:30 [INF] Route matched with {page = "/Invoices/Index"}. Executing page /Invoices/Index
2026-05-21 12:22:24.281 +05:30 [INF] Executing handler method InvoiceProcessingWebApp.Pages.Invoices.IndexModel.OnGet - ModelState is "Valid"
2026-05-21 12:22:24.402 +05:30 [INF] Executed DbCommand (2ms) [Parameters=[], CommandType='"Text"', CommandTimeout='30']
SELECT COUNT(*)
FROM "Invoices" AS "i"
2026-05-21 12:22:24.440 +05:30 [INF] Executed DbCommand (2ms) [Parameters=[@p1='?' (DbType = Int32), @p='?' (DbType = Int32)], CommandType='"Text"', CommandTimeout='30']
SELECT "i"."Id", "i"."Amount", "i"."InvoiceDate", "i"."InvoiceNumber", "i"."PurchaseOrderNumber", "i"."Status", "i"."VendorName"
FROM "Invoices" AS "i"
ORDER BY "i"."InvoiceDate" DESC
LIMIT @p1 OFFSET @p
2026-05-21 12:22:24.444 +05:30 [INF] Executed handler method OnGet, returned result .
2026-05-21 12:22:24.449 +05:30 [INF] Executing an implicit handler method - ModelState is "Valid"
2026-05-21 12:22:24.455 +05:30 [INF] Executed an implicit handler method, returned result Microsoft.AspNetCore.Mvc.RazorPages.PageResult.
2026-05-21 12:22:24.525 +05:30 [INF] Executed page /Invoices/Index in 245.0574ms
2026-05-21 12:22:24.528 +05:30 [INF] Executed endpoint '/Invoices/Index'
2026-05-21 12:22:24.530 +05:30 [INF] HTTP GET /Invoices/Index responded 200 in 368.3537 ms
2026-05-21 12:22:24.557 +05:30 [INF] Request finished HTTP/1.1 GET http://localhost:5113/Invoices/Index - 200 null text/html; charset=utf-8 412.6151ms
2026-05-21 12:22:26.243 +05:30 [INF] Request starting HTTP/1.1 GET http://localhost:5113/Invoices/Create - null null
2026-05-21 12:22:26.253 +05:30 [INF] Executing endpoint '/Invoices/Create'
2026-05-21 12:22:26.312 +05:30 [INF] Route matched with {page = "/Invoices/Create"}. Executing page /Invoices/Create
2026-05-21 12:22:26.318 +05:30 [INF] Executing handler method InvoiceProcessingWebApp.Pages.Invoices.CreateModel.OnGet - ModelState is "Valid"
2026-05-21 12:22:26.322 +05:30 [INF] Executed handler method OnGet, returned result .
2026-05-21 12:22:26.325 +05:30 [INF] Executing an implicit handler method - ModelState is "Valid"
2026-05-21 12:22:26.327 +05:30 [INF] Executed an implicit handler method, returned result Microsoft.AspNetCore.Mvc.RazorPages.PageResult.
2026-05-21 12:22:26.461 +05:30 [INF] Executed page /Invoices/Create in 144.8198ms
2026-05-21 12:22:26.465 +05:30 [INF] Executed endpoint '/Invoices/Create'
2026-05-21 12:22:26.470 +05:30 [INF] HTTP GET /Invoices/Create responded 200 in 216.9831 ms
2026-05-21 12:22:26.578 +05:30 [INF] Request finished HTTP/1.1 GET http://localhost:5113/Invoices/Create - 200 null text/html; charset=utf-8 334.8254ms
2026-05-21 12:22:29.278 +05:30 [INF] Request starting HTTP/1.1 GET http://localhost:5113/Invoices/Upload - null null
2026-05-21 12:22:29.291 +05:30 [INF] Executing endpoint '/Invoices/Upload'
2026-05-21 12:22:29.341 +05:30 [INF] Route matched with {page = "/Invoices/Upload"}. Executing page /Invoices/Upload
2026-05-21 12:22:29.345 +05:30 [INF] Executing an implicit handler method - ModelState is "Valid"
2026-05-21 12:22:29.351 +05:30 [INF] Executed an implicit handler method, returned result Microsoft.AspNetCore.Mvc.RazorPages.PageResult.
2026-05-21 12:22:29.375 +05:30 [INF] Executed page /Invoices/Upload in 30.5792ms
2026-05-21 12:22:29.385 +05:30 [INF] Executed endpoint '/Invoices/Upload'
2026-05-21 12:22:29.401 +05:30 [INF] HTTP GET /Invoices/Upload responded 200 in 109.9098 ms
2026-05-21 12:22:29.428 +05:30 [INF] Request finished HTTP/1.1 GET http://localhost:5113/Invoices/Upload - 200 null text/html; charset=utf-8 150.0695ms
2026-05-21 12:22:30.641 +05:30 [INF] Request starting HTTP/1.1 GET http://localhost:5113/Invoices/Analytics - null null
2026-05-21 12:22:30.669 +05:30 [INF] Executing endpoint '/Invoices/Analytics'
2026-05-21 12:22:30.745 +05:30 [INF] Route matched with {page = "/Invoices/Analytics"}. Executing page /Invoices/Analytics
2026-05-21 12:22:30.803 +05:30 [INF] Executing handler method InvoiceProcessingWebApp.Pages.Invoices.AnalyticsModel.OnGet - ModelState is "Invalid"
2026-05-21 12:22:30.823 +05:30 [WRN] The query uses a row limiting operator ('Skip'/'Take') without an 'OrderBy' operator. This may lead to unpredictable results. If the 'Distinct' operator is used after 'OrderBy', then make sure to use the 'OrderBy' operator after 'Distinct' as the ordering would otherwise get erased.
2026-05-21 12:22:30.828 +05:30 [WRN] The query uses a row limiting operator ('Skip'/'Take') without an 'OrderBy' operator. This may lead to unpredictable results. If the 'Distinct' operator is used after 'OrderBy', then make sure to use the 'OrderBy' operator after 'Distinct' as the ordering would otherwise get erased.
2026-05-21 12:22:30.872 +05:30 [INF] Executed DbCommand (0ms) [Parameters=[@p1='?' (DbType = Int32), @p='?' (DbType = Int32)], CommandType='"Text"', CommandTimeout='30']
SELECT "i"."Id", "i"."Amount", "i"."InvoiceDate", "i"."InvoiceNumber", "i"."PurchaseOrderNumber", "i"."Status", "i"."VendorName"
FROM "Invoices" AS "i"
LIMIT @p1 OFFSET @p
2026-05-21 12:22:30.906 +05:30 [INF] Executed handler method OnGet, returned result .
2026-05-21 12:22:30.912 +05:30 [INF] Executing an implicit handler method - ModelState is "Invalid"
2026-05-21 12:22:30.921 +05:30 [INF] Executed an implicit handler method, returned result Microsoft.AspNetCore.Mvc.RazorPages.PageResult.
2026-05-21 12:22:30.973 +05:30 [INF] Executed page /Invoices/Analytics in 199.0388ms
2026-05-21 12:22:30.991 +05:30 [INF] Executed endpoint '/Invoices/Analytics'
2026-05-21 12:22:31.041 +05:30 [INF] HTTP GET /Invoices/Analytics responded 200 in 371.3188 ms
2026-05-21 12:22:31.055 +05:30 [INF] Request finished HTTP/1.1 GET http://localhost:5113/Invoices/Analytics - 200 null text/html; charset=utf-8 413.5751ms
2026-05-21 12:22:32.140 +05:30 [INF] Request starting HTTP/1.1 GET http://localhost:5113/Chat - null null
2026-05-21 12:22:32.207 +05:30 [INF] Executing endpoint '/Chat'
2026-05-21 12:22:32.236 +05:30 [INF] Route matched with {page = "/Chat"}. Executing page /Chat
2026-05-21 12:22:32.245 +05:30 [INF] Executing handler method InvoiceProcessingWebApp.Pages.ChatModel.OnGet - ModelState is "Valid"
2026-05-21 12:22:32.252 +05:30 [INF] Executed handler method OnGet, returned result .
2026-05-21 12:22:32.255 +05:30 [INF] Executing an implicit handler method - ModelState is "Valid"
2026-05-21 12:22:32.257 +05:30 [INF] Executed an implicit handler method, returned result Microsoft.AspNetCore.Mvc.RazorPages.PageResult.
2026-05-21 12:22:32.283 +05:30 [INF] Executed page /Chat in 44.7519ms
2026-05-21 12:22:32.289 +05:30 [INF] Executed endpoint '/Chat'
2026-05-21 12:22:32.303 +05:30 [INF] HTTP GET /Chat responded 200 in 95.9448 ms
2026-05-21 12:22:32.327 +05:30 [INF] Request finished HTTP/1.1 GET http://localhost:5113/Chat - 200 null text/html; charset=utf-8 186.9008ms
2026-05-21 12:22:33.356 +05:30 [INF] Request starting HTTP/1.1 GET http://localhost:5113/Invoices/Index?handler=Export - null null
2026-05-21 12:22:33.377 +05:30 [INF] Executing endpoint '/Invoices/Index'
2026-05-21 12:22:33.389 +05:30 [INF] Route matched with {page = "/Invoices/Index"}. Executing page /Invoices/Index
2026-05-21 12:22:33.411 +05:30 [INF] Executing handler method InvoiceProcessingWebApp.Pages.Invoices.IndexModel.OnGetExport - ModelState is "Valid"
2026-05-21 12:22:33.488 +05:30 [INF] Executed DbCommand (0ms) [Parameters=[], CommandType='"Text"', CommandTimeout='30']
SELECT "i"."Id", "i"."Amount", "i"."InvoiceDate", "i"."InvoiceNumber", "i"."PurchaseOrderNumber", "i"."Status", "i"."VendorName"
FROM "Invoices" AS "i"
ORDER BY "i"."InvoiceDate" DESC
2026-05-21 12:22:33.526 +05:30 [INF] Executed handler method OnGetExport, returned result Microsoft.AspNetCore.Mvc.FileContentResult.
2026-05-21 12:22:33.550 +05:30 [INF] Executing FileContentResult, sending file with download name 'invoices.csv' ...
2026-05-21 12:22:33.596 +05:30 [INF] Executed page /Invoices/Index in 184.3937ms
2026-05-21 12:22:33.609 +05:30 [INF] Executed endpoint '/Invoices/Index'
2026-05-21 12:22:33.635 +05:30 [INF] HTTP GET /Invoices/Index responded 200 in 258.1816 ms
2026-05-21 12:22:33.673 +05:30 [INF] Request finished HTTP/1.1 GET http://localhost:5113/Invoices/Index?handler=Export - 200 106 text/csv 317.2566ms
2026-05-21 12:22:36.103 +05:30 [INF] Request starting HTTP/1.1 GET http://localhost:5113/Settings - null null
2026-05-21 12:22:36.332 +05:30 [INF] Executing endpoint '/Settings'
2026-05-21 12:22:36.393 +05:30 [INF] Route matched with {page = "/Settings"}. Executing page /Settings
2026-05-21 12:22:36.431 +05:30 [INF] Executing handler method InvoiceProcessingWebApp.Pages.SettingsModel.OnGet - ModelState is "Valid"
2026-05-21 12:22:36.456 +05:30 [INF] Executed handler method OnGet, returned result .
2026-05-21 12:22:36.465 +05:30 [INF] Executing an implicit handler method - ModelState is "Valid"
2026-05-21 12:22:36.468 +05:30 [INF] Executed an implicit handler method, returned result Microsoft.AspNetCore.Mvc.RazorPages.PageResult.
2026-05-21 12:22:36.693 +05:30 [INF] Executed page /Settings in 273.4482ms
2026-05-21 12:22:36.700 +05:30 [INF] Executed endpoint '/Settings'
2026-05-21 12:22:36.705 +05:30 [INF] HTTP GET /Settings responded 200 in 372.2487 ms
2026-05-21 12:22:36.770 +05:30 [INF] Request finished HTTP/1.1 GET http://localhost:5113/Settings - 200 null text/html; charset=utf-8 667.2303ms
2026-05-21 12:22:54.538 +05:30 [INF] Request starting HTTP/1.1 GET http://localhost:5113/ - null null
2026-05-21 12:22:54.677 +05:30 [INF] Executing endpoint '/Index'
2026-05-21 12:22:54.690 +05:30 [INF] Route matched with {page = "/Index"}. Executing page /Index
2026-05-21 12:22:54.703 +05:30 [INF] Executing handler method InvoiceProcessingWebApp.Pages.IndexModel.OnGetAsync - ModelState is "Valid"
2026-05-21 12:22:54.735 +05:30 [INF] Executed DbCommand (2ms) [Parameters=[], CommandType='"Text"', CommandTimeout='30']
SELECT "i"."Id", "i"."Amount", "i"."InvoiceDate", "i"."InvoiceNumber", "i"."PurchaseOrderNumber", "i"."Status", "i"."VendorName"
FROM "Invoices" AS "i"
2026-05-21 12:22:54.776 +05:30 [INF] Executed DbCommand (11ms) [Parameters=[@p='?' (Size = 36)], CommandType='"Text"', CommandTimeout='30']
SELECT "a"."Id", "a"."AccessFailedCount", "a"."ConcurrencyStamp", "a"."Email", "a"."EmailConfirmed", "a"."LockoutEnabled", "a"."LockoutEnd", "a"."NormalizedEmail", "a"."NormalizedUserName", "a"."PasswordHash", "a"."PhoneNumber", "a"."PhoneNumberConfirmed", "a"."SecurityStamp", "a"."TwoFactorEnabled", "a"."UserName"
FROM "AspNetUsers" AS "a"
WHERE "a"."Id" = @p
LIMIT 1
2026-05-21 12:22:54.817 +05:30 [INF] Executed DbCommand (2ms) [Parameters=[@userId='?' (Size = 36)], CommandType='"Text"', CommandTimeout='30']
SELECT "a0"."Name"
FROM "AspNetUserRoles" AS "a"
INNER JOIN "AspNetRoles" AS "a0" ON "a"."RoleId" = "a0"."Id"
WHERE "a"."UserId" = @userId
2026-05-21 12:22:54.821 +05:30 [INF] Executed handler method OnGetAsync, returned result .
2026-05-21 12:22:54.832 +05:30 [INF] Executing an implicit handler method - ModelState is "Valid"
2026-05-21 12:22:54.846 +05:30 [INF] Executed an implicit handler method, returned result Microsoft.AspNetCore.Mvc.RazorPages.PageResult.
2026-05-21 12:22:54.866 +05:30 [INF] Executed page /Index in 163.3595ms
2026-05-21 12:22:54.994 +05:30 [INF] Executed endpoint '/Index'
2026-05-21 12:22:55.020 +05:30 [INF] HTTP GET / responded 200 in 342.8543 ms
2026-05-21 12:22:55.065 +05:30 [INF] Request finished HTTP/1.1 GET http://localhost:5113/ - 200 null text/html; charset=utf-8 527.8343ms
2026-05-21 12:23:06.906 +05:30 [INF] Request starting HTTP/1.1 GET http://localhost:5113/Invoices/Analytics - null null
2026-05-21 12:23:07.055 +05:30 [INF] Executing endpoint '/Invoices/Analytics'
2026-05-21 12:23:07.074 +05:30 [INF] Route matched with {page = "/Invoices/Analytics"}. Executing page /Invoices/Analytics
2026-05-21 12:23:07.137 +05:30 [INF] Executing handler method InvoiceProcessingWebApp.Pages.Invoices.AnalyticsModel.OnGet - ModelState is "Invalid"
2026-05-21 12:23:07.148 +05:30 [INF] Executed DbCommand (0ms) [Parameters=[@p1='?' (DbType = Int32), @p='?' (DbType = Int32)], CommandType='"Text"', CommandTimeout='30']
SELECT "i"."Id", "i"."Amount", "i"."InvoiceDate", "i"."InvoiceNumber", "i"."PurchaseOrderNumber", "i"."Status", "i"."VendorName"
FROM "Invoices" AS "i"
LIMIT @p1 OFFSET @p
2026-05-21 12:23:07.226 +05:30 [INF] Executed handler method OnGet, returned result .
2026-05-21 12:23:07.231 +05:30 [INF] Executing an implicit handler method - ModelState is "Invalid"
2026-05-21 12:23:07.263 +05:30 [INF] Executed an implicit handler method, returned result Microsoft.AspNetCore.Mvc.RazorPages.PageResult.
2026-05-21 12:23:07.364 +05:30 [INF] Executed page /Invoices/Analytics in 287.8479ms
2026-05-21 12:23:07.824 +05:30 [INF] Executed endpoint '/Invoices/Analytics'
2026-05-21 12:23:07.904 +05:30 [INF] HTTP GET /Invoices/Analytics responded 200 in 849.9030 ms
2026-05-21 12:23:08.592 +05:30 [INF] Request finished HTTP/1.1 GET http://localhost:5113/Invoices/Analytics - 200 null text/html; charset=utf-8 1686.1635ms
2026-05-21 12:24:51.646 +05:30 [INF] Request starting HTTP/1.1 GET http://localhost:5113/Invoices/Index - null null
2026-05-21 12:24:51.882 +05:30 [INF] Executing endpoint '/Invoices/Index'
2026-05-21 12:24:51.939 +05:30 [INF] Route matched with {page = "/Invoices/Index"}. Executing page /Invoices/Index
2026-05-21 12:24:51.993 +05:30 [INF] Executing handler method InvoiceProcessingWebApp.Pages.Invoices.IndexModel.OnGet - ModelState is "Valid"
2026-05-21 12:24:52.246 +05:30 [INF] Executed DbCommand (29ms) [Parameters=[], CommandType='"Text"', CommandTimeout='30']
SELECT COUNT(*)
FROM "Invoices" AS "i"
2026-05-21 12:24:52.410 +05:30 [INF] Executed DbCommand (10ms) [Parameters=[@p1='?' (DbType = Int32), @p='?' (DbType = Int32)], CommandType='"Text"', CommandTimeout='30']
SELECT "i"."Id", "i"."Amount", "i"."InvoiceDate", "i"."InvoiceNumber", "i"."PurchaseOrderNumber", "i"."Status", "i"."VendorName"
FROM "Invoices" AS "i"
ORDER BY "i"."InvoiceDate" DESC
LIMIT @p1 OFFSET @p
2026-05-21 12:24:52.504 +05:30 [INF] Executed handler method OnGet, returned result .
2026-05-21 12:24:52.516 +05:30 [INF] Executing an implicit handler method - ModelState is "Valid"
2026-05-21 12:24:52.538 +05:30 [INF] Executed an implicit handler method, returned result Microsoft.AspNetCore.Mvc.RazorPages.PageResult.
2026-05-21 12:24:52.759 +05:30 [INF] Executed page /Invoices/Index in 793.6073ms
2026-05-21 12:24:52.779 +05:30 [INF] Executed endpoint '/Invoices/Index'
2026-05-21 12:24:52.800 +05:30 [INF] HTTP GET /Invoices/Index responded 200 in 921.0638 ms
2026-05-21 12:24:52.891 +05:30 [INF] Request finished HTTP/1.1 GET http://localhost:5113/Invoices/Index - 200 null text/html; charset=utf-8 1249.2709ms
2026-05-21 12:24:55.435 +05:30 [INF] Request starting HTTP/1.1 GET http://localhost:5113/ - null null
2026-05-21 12:24:55.441 +05:30 [INF] Executing endpoint '/Index'
2026-05-21 12:24:55.445 +05:30 [INF] Route matched with {page = "/Index"}. Executing page /Index
2026-05-21 12:24:55.473 +05:30 [INF] Executing handler method InvoiceProcessingWebApp.Pages.IndexModel.OnGetAsync - ModelState is "Valid"
2026-05-21 12:24:55.483 +05:30 [INF] Executed DbCommand (0ms) [Parameters=[], CommandType='"Text"', CommandTimeout='30']
SELECT "i"."Id", "i"."Amount", "i"."InvoiceDate", "i"."InvoiceNumber", "i"."PurchaseOrderNumber", "i"."Status", "i"."VendorName"
FROM "Invoices" AS "i"
2026-05-21 12:24:55.523 +05:30 [INF] Executed DbCommand (0ms) [Parameters=[@p='?' (Size = 36)], CommandType='"Text"', CommandTimeout='30']
SELECT "a"."Id", "a"."AccessFailedCount", "a"."ConcurrencyStamp", "a"."Email", "a"."EmailConfirmed", "a"."LockoutEnabled", "a"."LockoutEnd", "a"."NormalizedEmail", "a"."NormalizedUserName", "a"."PasswordHash", "a"."PhoneNumber", "a"."PhoneNumberConfirmed", "a"."SecurityStamp", "a"."TwoFactorEnabled", "a"."UserName"
FROM "AspNetUsers" AS "a"
WHERE "a"."Id" = @p
LIMIT 1
2026-05-21 12:24:55.542 +05:30 [INF] Executed DbCommand (1ms) [Parameters=[@userId='?' (Size = 36)], CommandType='"Text"', CommandTimeout='30']
SELECT "a0"."Name"
FROM "AspNetUserRoles" AS "a"
INNER JOIN "AspNetRoles" AS "a0" ON "a"."RoleId" = "a0"."Id"
WHERE "a"."UserId" = @userId
2026-05-21 12:24:55.546 +05:30 [INF] Executed handler method OnGetAsync, returned result .
2026-05-21 12:24:55.554 +05:30 [INF] Executing an implicit handler method - ModelState is "Valid"
2026-05-21 12:24:55.555 +05:30 [INF] Executed an implicit handler method, returned result Microsoft.AspNetCore.Mvc.RazorPages.PageResult.
2026-05-21 12:24:55.565 +05:30 [INF] Executed page /Index in 95.9064ms
2026-05-21 12:24:55.579 +05:30 [INF] Executed endpoint '/Index'
2026-05-21 12:24:55.640 +05:30 [INF] HTTP GET / responded 200 in 198.4844 ms
2026-05-21 12:24:55.735 +05:30 [INF] Request finished HTTP/1.1 GET http://localhost:5113/ - 200 null text/html; charset=utf-8 300.587ms
2026-05-21 12:29:41.314 +05:30 [INF] Application is shutting down...
2026-05-21 12:41:53.556 +05:30 [INF] Starting Invoxa application
2026-05-21 12:41:59.872 +05:30 [FTL] Invoxa application failed to start
System.InvalidOperationException: An error was generated for warning 'Microsoft.EntityFrameworkCore.Migrations.PendingModelChangesWarning': The model for context 'AppDbContext' has pending changes. Add a new migration before updating the database. See https://aka.ms/efcore-docs-pending-changes. This exception can be suppressed or logged by passing event ID 'RelationalEventId.PendingModelChangesWarning' to the 'ConfigureWarnings' method in 'DbContext.OnConfiguring' or 'AddDbContext'.
   at Microsoft.EntityFrameworkCore.Diagnostics.EventDefinition`1.Log[TLoggerCategory](IDiagnosticsLogger`1 logger, TParam arg)
   at Microsoft.EntityFrameworkCore.Diagnostics.RelationalLoggerExtensions.PendingModelChangesWarning(IDiagnosticsLogger`1 diagnostics, Type contextType)
   at Microsoft.EntityFrameworkCore.Migrations.Internal.Migrator.ValidateMigrations(Boolean useTransaction, String targetMigration)
   at Microsoft.EntityFrameworkCore.Migrations.Internal.Migrator.Migrate(String targetMigration)
   at Microsoft.EntityFrameworkCore.RelationalDatabaseFacadeExtensions.Migrate(DatabaseFacade databaseFacade)
   at Program.<Main>$(String[] args) in C:\Users\saldubey\InvoiceProcessingWebApp\Program.cs:line 76
2026-05-21 12:55:57.680 +05:30 [INF] Starting Invoxa application
2026-05-21 12:55:59.796 +05:30 [INF] Acquiring an exclusive lock for migration application. See https://aka.ms/efcore-docs-migrations-lock for more information if this takes too long.
2026-05-21 12:55:59.857 +05:30 [INF] Executed DbCommand (29ms) [Parameters=[], CommandType='"Text"', CommandTimeout='30']
SELECT COUNT(*) FROM "sqlite_master" WHERE "name" = '__EFMigrationsLock' AND "type" = 'table';
2026-05-21 12:55:59.878 +05:30 [INF] Executed DbCommand (7ms) [Parameters=[], CommandType='"Text"', CommandTimeout='30']
INSERT OR IGNORE INTO "__EFMigrationsLock"("Id", "Timestamp") VALUES(1, '2026-05-21 07:25:59.8702657+00:00');
SELECT changes();
2026-05-21 12:56:00.060 +05:30 [INF] Executed DbCommand (1ms) [Parameters=[], CommandType='"Text"', CommandTimeout='30']
CREATE TABLE IF NOT EXISTS "__EFMigrationsHistory" (
    "MigrationId" TEXT NOT NULL CONSTRAINT "PK___EFMigrationsHistory" PRIMARY KEY,
    "ProductVersion" TEXT NOT NULL
);
2026-05-21 12:56:00.077 +05:30 [INF] Executed DbCommand (0ms) [Parameters=[], CommandType='"Text"', CommandTimeout='30']
SELECT COUNT(*) FROM "sqlite_master" WHERE "name" = '__EFMigrationsHistory' AND "type" = 'table';
2026-05-21 12:56:00.083 +05:30 [INF] Executed DbCommand (1ms) [Parameters=[], CommandType='"Text"', CommandTimeout='30']
SELECT "MigrationId", "ProductVersion"
FROM "__EFMigrationsHistory"
ORDER BY "MigrationId";
2026-05-21 12:56:00.102 +05:30 [INF] No migrations were applied. The database is already up to date.
2026-05-21 12:56:00.106 +05:30 [INF] Executed DbCommand (1ms) [Parameters=[], CommandType='"Text"', CommandTimeout='30']
DELETE FROM "__EFMigrationsLock";
2026-05-21 12:56:00.237 +05:30 [INF] User profile is available. Using 'C:\Users\saldubey\AppData\Local\ASP.NET\DataProtection-Keys' as key repository and Windows DPAPI to encrypt keys at rest.
2026-05-21 12:56:00.431 +05:30 [INF] Now listening on: http://localhost:5113
2026-05-21 12:56:00.438 +05:30 [INF] Application started. Press Ctrl+C to shut down.
2026-05-21 12:56:00.440 +05:30 [INF] Hosting environment: Development
2026-05-21 12:56:00.443 +05:30 [INF] Content root path: C:\Users\saldubey\InvoiceProcessingWebApp
2026-05-21 12:56:09.076 +05:30 [INF] Request starting HTTP/1.1 GET http://localhost:5113/ - null null
2026-05-21 12:56:09.512 +05:30 [WRN] Failed to determine the https port for redirect.
2026-05-21 12:56:10.732 +05:30 [INF] Executed DbCommand (11ms) [Parameters=[@p='?' (Size = 36)], CommandType='"Text"', CommandTimeout='30']
SELECT "a"."Id", "a"."AccessFailedCount", "a"."ConcurrencyStamp", "a"."Email", "a"."EmailConfirmed", "a"."LockoutEnabled", "a"."LockoutEnd", "a"."NormalizedEmail", "a"."NormalizedUserName", "a"."PasswordHash", "a"."PhoneNumber", "a"."PhoneNumberConfirmed", "a"."SecurityStamp", "a"."TwoFactorEnabled", "a"."UserName"
FROM "AspNetUsers" AS "a"
WHERE "a"."Id" = @p
LIMIT 1
2026-05-21 12:56:10.971 +05:30 [INF] Executed DbCommand (0ms) [Parameters=[@user_Id='?' (Size = 36)], CommandType='"Text"', CommandTimeout='30']
SELECT "a"."Id", "a"."ClaimType", "a"."ClaimValue", "a"."UserId"
FROM "AspNetUserClaims" AS "a"
WHERE "a"."UserId" = @user_Id
2026-05-21 12:56:11.017 +05:30 [INF] Executed DbCommand (0ms) [Parameters=[@userId='?' (Size = 36)], CommandType='"Text"', CommandTimeout='30']
SELECT "a0"."Name"
FROM "AspNetUserRoles" AS "a"
INNER JOIN "AspNetRoles" AS "a0" ON "a"."RoleId" = "a0"."Id"
WHERE "a"."UserId" = @userId
2026-05-21 12:56:11.030 +05:30 [INF] Executing endpoint '/Index'
2026-05-21 12:56:11.105 +05:30 [INF] Route matched with {page = "/Index"}. Executing page /Index
2026-05-21 12:56:11.122 +05:30 [INF] Executing handler method InvoiceProcessingWebApp.Pages.IndexModel.OnGetAsync - ModelState is "Valid"
2026-05-21 12:56:11.140 +05:30 [INF] Executed DbCommand (0ms) [Parameters=[], CommandType='"Text"', CommandTimeout='30']
SELECT "i"."Id", "i"."Amount", "i"."InvoiceDate", "i"."InvoiceNumber", "i"."PurchaseOrderNumber", "i"."Status", "i"."VendorName"
FROM "Invoices" AS "i"
2026-05-21 12:56:11.192 +05:30 [INF] Executed handler method OnGetAsync, returned result .
2026-05-21 12:56:11.199 +05:30 [INF] Executing an implicit handler method - ModelState is "Valid"
2026-05-21 12:56:11.202 +05:30 [INF] Executed an implicit handler method, returned result Microsoft.AspNetCore.Mvc.RazorPages.PageResult.
2026-05-21 12:56:11.440 +05:30 [INF] Executed page /Index in 326.1171ms
2026-05-21 12:56:11.445 +05:30 [INF] Executed endpoint '/Index'
2026-05-21 12:56:11.456 +05:30 [INF] HTTP GET / responded 200 in 425.1057 ms
2026-05-21 12:56:11.470 +05:30 [INF] Request finished HTTP/1.1 GET http://localhost:5113/ - 200 null text/html; charset=utf-8 2405.3326ms
2026-05-21 12:56:21.986 +05:30 [INF] Request starting HTTP/1.1 GET http://localhost:5113/Chat - null null
2026-05-21 12:56:22.042 +05:30 [INF] Executing endpoint '/Chat'
2026-05-21 12:56:22.072 +05:30 [INF] Route matched with {page = "/Chat"}. Executing page /Chat
2026-05-21 12:56:22.077 +05:30 [INF] Executing handler method InvoiceProcessingWebApp.Pages.ChatModel.OnGet - ModelState is "Valid"
2026-05-21 12:56:22.080 +05:30 [INF] Executed handler method OnGet, returned result .
2026-05-21 12:56:22.083 +05:30 [INF] Executing an implicit handler method - ModelState is "Valid"
2026-05-21 12:56:22.085 +05:30 [INF] Executed an implicit handler method, returned result Microsoft.AspNetCore.Mvc.RazorPages.PageResult.
2026-05-21 12:56:22.110 +05:30 [INF] Executed page /Chat in 35.8402ms
2026-05-21 12:56:22.113 +05:30 [INF] Executed endpoint '/Chat'
2026-05-21 12:56:22.117 +05:30 [INF] HTTP GET /Chat responded 200 in 74.7975 ms
2026-05-21 12:56:22.124 +05:30 [INF] Request finished HTTP/1.1 GET http://localhost:5113/Chat - 200 null text/html; charset=utf-8 138.2992ms
2026-05-21 12:56:26.456 +05:30 [INF] Request starting HTTP/1.1 POST http://localhost:5113/Chat?handler=IndexInvoices - null 0
2026-05-21 12:56:26.523 +05:30 [INF] Executing endpoint '/Chat'
2026-05-21 12:56:26.525 +05:30 [INF] Route matched with {page = "/Chat"}. Executing page /Chat
2026-05-21 12:56:26.535 +05:30 [INF] Executing handler method InvoiceProcessingWebApp.Pages.ChatModel.OnPostIndexInvoices - ModelState is "Valid"
2026-05-21 12:56:26.648 +05:30 [INF] Executed DbCommand (0ms) [Parameters=[], CommandType='"Text"', CommandTimeout='30']
SELECT COUNT(*)
FROM "Invoices" AS "i"
2026-05-21 12:56:26.692 +05:30 [INF] Executed handler method OnPostIndexInvoices, returned result Microsoft.AspNetCore.Mvc.JsonResult.
2026-05-21 12:56:26.703 +05:30 [INF] Executing JsonResult, writing value of type '<>f__AnonymousType10`1[[System.String, System.Private.CoreLib, Version=10.0.0.0, Culture=neutral, PublicKeyToken=7cec85d7bea7798e]]'.
2026-05-21 12:56:26.765 +05:30 [INF] Executed page /Chat in 237.4636ms
2026-05-21 12:56:26.769 +05:30 [INF] Executed endpoint '/Chat'
2026-05-21 12:56:26.773 +05:30 [INF] HTTP POST /Chat responded 200 in 250.0181 ms
2026-05-21 12:56:26.779 +05:30 [INF] Request finished HTTP/1.1 POST http://localhost:5113/Chat?handler=IndexInvoices - 200 null application/json; charset=utf-8 322.816ms
2026-05-21 12:56:31.785 +05:30 [INF] Request starting HTTP/1.1 POST http://localhost:5113/Chat?handler=Ask - application/json 46
2026-05-21 12:56:31.826 +05:30 [INF] Executing endpoint '/Chat'
2026-05-21 12:56:32.125 +05:30 [INF] Route matched with {page = "/Chat"}. Executing page /Chat
2026-05-21 12:56:32.356 +05:30 [INF] Executing handler method InvoiceProcessingWebApp.Pages.ChatModel.OnPostAsk - ModelState is "Valid"
2026-05-21 12:56:32.531 +05:30 [INF] Start processing HTTP request POST https://generativelanguage.googleapis.com/v1beta/models/text-embedding-004:embedContent?*
2026-05-21 12:56:32.728 +05:30 [INF] Sending HTTP request POST https://generativelanguage.googleapis.com/v1beta/models/text-embedding-004:embedContent?*
2026-05-21 12:56:34.073 +05:30 [INF] Received HTTP response headers after 1324.8018ms - 403
2026-05-21 12:56:34.141 +05:30 [INF] End processing HTTP request after 1614.7525ms - 403
2026-05-21 12:56:34.160 +05:30 [ERR] Gemini embedding error: "Forbidden" {
  "error": {
    "code": 403,
    "message": "Method doesn't allow unregistered callers (callers without established identity). Please use API Key or other form of API consumer identity to call this API.",
    "status": "PERMISSION_DENIED"
  }
}

2026-05-21 12:56:34.169 +05:30 [INF] Executed handler method OnPostAsk, returned result Microsoft.AspNetCore.Mvc.JsonResult.
2026-05-21 12:56:34.186 +05:30 [INF] Executing JsonResult, writing value of type '<>f__AnonymousType11`1[[System.String, System.Private.CoreLib, Version=10.0.0.0, Culture=neutral, PublicKeyToken=7cec85d7bea7798e]]'.
2026-05-21 12:56:34.192 +05:30 [INF] Executed page /Chat in 2038.1921ms
2026-05-21 12:56:34.197 +05:30 [INF] Executed endpoint '/Chat'
2026-05-21 12:56:34.199 +05:30 [INF] HTTP POST /Chat responded 200 in 2373.6590 ms
2026-05-21 12:56:34.204 +05:30 [INF] Request finished HTTP/1.1 POST http://localhost:5113/Chat?handler=Ask - 200 null application/json; charset=utf-8 2419.1615ms
2026-05-21 13:00:31.551 +05:30 [INF] Application is shutting down...
2026-05-21 13:00:47.737 +05:30 [INF] Starting Invoxa application
2026-05-21 13:00:49.946 +05:30 [INF] Acquiring an exclusive lock for migration application. See https://aka.ms/efcore-docs-migrations-lock for more information if this takes too long.
2026-05-21 13:00:50.003 +05:30 [INF] Executed DbCommand (27ms) [Parameters=[], CommandType='"Text"', CommandTimeout='30']
SELECT COUNT(*) FROM "sqlite_master" WHERE "name" = '__EFMigrationsLock' AND "type" = 'table';
2026-05-21 13:00:50.061 +05:30 [INF] Executed DbCommand (42ms) [Parameters=[], CommandType='"Text"', CommandTimeout='30']
INSERT OR IGNORE INTO "__EFMigrationsLock"("Id", "Timestamp") VALUES(1, '2026-05-21 07:30:50.0176617+00:00');
SELECT changes();
2026-05-21 13:00:50.173 +05:30 [INF] Executed DbCommand (1ms) [Parameters=[], CommandType='"Text"', CommandTimeout='30']
CREATE TABLE IF NOT EXISTS "__EFMigrationsHistory" (
    "MigrationId" TEXT NOT NULL CONSTRAINT "PK___EFMigrationsHistory" PRIMARY KEY,
    "ProductVersion" TEXT NOT NULL
);
2026-05-21 13:00:50.190 +05:30 [INF] Executed DbCommand (0ms) [Parameters=[], CommandType='"Text"', CommandTimeout='30']
SELECT COUNT(*) FROM "sqlite_master" WHERE "name" = '__EFMigrationsHistory' AND "type" = 'table';
2026-05-21 13:00:50.197 +05:30 [INF] Executed DbCommand (1ms) [Parameters=[], CommandType='"Text"', CommandTimeout='30']
SELECT "MigrationId", "ProductVersion"
FROM "__EFMigrationsHistory"
ORDER BY "MigrationId";
2026-05-21 13:00:50.215 +05:30 [INF] No migrations were applied. The database is already up to date.
2026-05-21 13:00:50.239 +05:30 [INF] Executed DbCommand (20ms) [Parameters=[], CommandType='"Text"', CommandTimeout='30']
DELETE FROM "__EFMigrationsLock";
2026-05-21 13:00:50.377 +05:30 [INF] User profile is available. Using 'C:\Users\saldubey\AppData\Local\ASP.NET\DataProtection-Keys' as key repository and Windows DPAPI to encrypt keys at rest.
2026-05-21 13:00:50.667 +05:30 [INF] Now listening on: http://localhost:5113
2026-05-21 13:00:50.692 +05:30 [INF] Application started. Press Ctrl+C to shut down.
2026-05-21 13:00:50.694 +05:30 [INF] Hosting environment: Development
2026-05-21 13:00:50.701 +05:30 [INF] Content root path: C:\Users\saldubey\InvoiceProcessingWebApp
2026-05-21 13:00:54.656 +05:30 [INF] Request starting HTTP/1.1 GET http://localhost:5113/ - null null
2026-05-21 13:00:54.994 +05:30 [WRN] Failed to determine the https port for redirect.
2026-05-21 13:00:55.096 +05:30 [INF] Executing endpoint '/Index'
2026-05-21 13:00:55.148 +05:30 [INF] Route matched with {page = "/Index"}. Executing page /Index
2026-05-21 13:00:55.246 +05:30 [INF] Executing handler method InvoiceProcessingWebApp.Pages.IndexModel.OnGetAsync - ModelState is "Valid"
2026-05-21 13:00:55.780 +05:30 [INF] Executed DbCommand (0ms) [Parameters=[], CommandType='"Text"', CommandTimeout='30']
SELECT "i"."Id", "i"."Amount", "i"."InvoiceDate", "i"."InvoiceNumber", "i"."PurchaseOrderNumber", "i"."Status", "i"."VendorName"
FROM "Invoices" AS "i"
2026-05-21 13:00:56.190 +05:30 [INF] Executed DbCommand (13ms) [Parameters=[@p='?' (Size = 36)], CommandType='"Text"', CommandTimeout='30']
SELECT "a"."Id", "a"."AccessFailedCount", "a"."ConcurrencyStamp", "a"."Email", "a"."EmailConfirmed", "a"."LockoutEnabled", "a"."LockoutEnd", "a"."NormalizedEmail", "a"."NormalizedUserName", "a"."PasswordHash", "a"."PhoneNumber", "a"."PhoneNumberConfirmed", "a"."SecurityStamp", "a"."TwoFactorEnabled", "a"."UserName"
FROM "AspNetUsers" AS "a"
WHERE "a"."Id" = @p
LIMIT 1
2026-05-21 13:00:56.280 +05:30 [INF] Executed handler method OnGetAsync, returned result .
2026-05-21 13:00:56.288 +05:30 [INF] Executing an implicit handler method - ModelState is "Valid"
2026-05-21 13:00:56.290 +05:30 [INF] Executed an implicit handler method, returned result Microsoft.AspNetCore.Mvc.RazorPages.PageResult.
2026-05-21 13:00:56.551 +05:30 [INF] Executed page /Index in 1319.8739ms
2026-05-21 13:00:56.571 +05:30 [INF] Executed endpoint '/Index'
2026-05-21 13:00:56.607 +05:30 [INF] HTTP GET / responded 200 in 1508.2423 ms
2026-05-21 13:00:56.662 +05:30 [INF] Request finished HTTP/1.1 GET http://localhost:5113/ - 200 null text/html; charset=utf-8 2014.8123ms
2026-05-21 13:01:02.546 +05:30 [INF] Request starting HTTP/1.1 GET http://localhost:5113/Chat - null null
2026-05-21 13:01:02.608 +05:30 [INF] Executing endpoint '/Chat'
2026-05-21 13:01:02.645 +05:30 [INF] Route matched with {page = "/Chat"}. Executing page /Chat
2026-05-21 13:01:02.654 +05:30 [INF] Executing handler method InvoiceProcessingWebApp.Pages.ChatModel.OnGet - ModelState is "Valid"
2026-05-21 13:01:02.657 +05:30 [INF] Executed handler method OnGet, returned result .
2026-05-21 13:01:02.662 +05:30 [INF] Executing an implicit handler method - ModelState is "Valid"
2026-05-21 13:01:02.664 +05:30 [INF] Executed an implicit handler method, returned result Microsoft.AspNetCore.Mvc.RazorPages.PageResult.
2026-05-21 13:01:02.703 +05:30 [INF] Executed page /Chat in 56.2919ms
2026-05-21 13:01:02.747 +05:30 [INF] Executed endpoint '/Chat'
2026-05-21 13:01:02.763 +05:30 [INF] HTTP GET /Chat responded 200 in 155.0746 ms
2026-05-21 13:01:02.814 +05:30 [INF] Request finished HTTP/1.1 GET http://localhost:5113/Chat - 200 null text/html; charset=utf-8 267.3315ms
2026-05-21 13:01:04.887 +05:30 [INF] Request starting HTTP/1.1 POST http://localhost:5113/Chat?handler=IndexInvoices - null 0
2026-05-21 13:01:04.947 +05:30 [INF] Executing endpoint '/Chat'
2026-05-21 13:01:04.951 +05:30 [INF] Route matched with {page = "/Chat"}. Executing page /Chat
2026-05-21 13:01:04.958 +05:30 [INF] Executing handler method InvoiceProcessingWebApp.Pages.ChatModel.OnPostIndexInvoices - ModelState is "Valid"
2026-05-21 13:01:05.078 +05:30 [INF] Executed DbCommand (0ms) [Parameters=[], CommandType='"Text"', CommandTimeout='30']
SELECT COUNT(*)
FROM "Invoices" AS "i"
2026-05-21 13:01:08.052 +05:30 [INF] Executed handler method OnPostIndexInvoices, returned result Microsoft.AspNetCore.Mvc.JsonResult.
2026-05-21 13:01:08.066 +05:30 [INF] Executing JsonResult, writing value of type '<>f__AnonymousType10`1[[System.String, System.Private.CoreLib, Version=10.0.0.0, Culture=neutral, PublicKeyToken=7cec85d7bea7798e]]'.
2026-05-21 13:01:08.115 +05:30 [INF] Executed page /Chat in 3162.242ms
2026-05-21 13:01:08.119 +05:30 [INF] Executed endpoint '/Chat'
2026-05-21 13:01:08.122 +05:30 [INF] HTTP POST /Chat responded 200 in 3174.7775 ms
2026-05-21 13:01:08.127 +05:30 [INF] Request finished HTTP/1.1 POST http://localhost:5113/Chat?handler=IndexInvoices - 200 null application/json; charset=utf-8 3239.3811ms
2026-05-21 13:01:10.177 +05:30 [INF] Request starting HTTP/1.1 POST http://localhost:5113/Chat?handler=Ask - application/json 46
2026-05-21 13:01:10.218 +05:30 [INF] Executing endpoint '/Chat'
2026-05-21 13:01:10.220 +05:30 [INF] Route matched with {page = "/Chat"}. Executing page /Chat
2026-05-21 13:01:10.270 +05:30 [INF] Executing handler method InvoiceProcessingWebApp.Pages.ChatModel.OnPostAsk - ModelState is "Valid"
2026-05-21 13:01:10.296 +05:30 [INF] Start processing HTTP request POST https://generativelanguage.googleapis.com/v1beta/models/text-embedding-004:embedContent?*
2026-05-21 13:01:10.301 +05:30 [INF] Sending HTTP request POST https://generativelanguage.googleapis.com/v1beta/models/text-embedding-004:embedContent?*
2026-05-21 13:01:13.309 +05:30 [INF] Received HTTP response headers after 2998.9273ms - 404
2026-05-21 13:01:13.315 +05:30 [INF] End processing HTTP request after 3020.7716ms - 404
2026-05-21 13:01:13.326 +05:30 [ERR] Gemini embedding error: "NotFound" {
  "error": {
    "code": 404,
    "message": "models/text-embedding-004 is not found for API version v1beta, or is not supported for embedContent. Call ModelService.ListModels to see the list of available models and their supported methods.",
    "status": "NOT_FOUND"
  }
}

2026-05-21 13:01:13.340 +05:30 [INF] Executed handler method OnPostAsk, returned result Microsoft.AspNetCore.Mvc.JsonResult.
2026-05-21 13:01:13.350 +05:30 [INF] Executing JsonResult, writing value of type '<>f__AnonymousType11`1[[System.String, System.Private.CoreLib, Version=10.0.0.0, Culture=neutral, PublicKeyToken=7cec85d7bea7798e]]'.
2026-05-21 13:01:13.359 +05:30 [INF] Executed page /Chat in 3136.1897ms
2026-05-21 13:01:13.413 +05:30 [INF] Executed endpoint '/Chat'
2026-05-21 13:01:13.446 +05:30 [INF] HTTP POST /Chat responded 200 in 3227.9217 ms
2026-05-21 13:01:13.450 +05:30 [INF] Request finished HTTP/1.1 POST http://localhost:5113/Chat?handler=Ask - 200 null application/json; charset=utf-8 3273.3922ms
2026-05-21 13:01:16.420 +05:30 [INF] Request starting HTTP/1.1 POST http://localhost:5113/Chat?handler=Ask - application/json 48
2026-05-21 13:01:16.432 +05:30 [INF] Executing endpoint '/Chat'
2026-05-21 13:01:16.437 +05:30 [INF] Route matched with {page = "/Chat"}. Executing page /Chat
2026-05-21 13:01:16.459 +05:30 [INF] Executing handler method InvoiceProcessingWebApp.Pages.ChatModel.OnPostAsk - ModelState is "Valid"
2026-05-21 13:01:16.468 +05:30 [INF] Start processing HTTP request POST https://generativelanguage.googleapis.com/v1beta/models/text-embedding-004:embedContent?*
2026-05-21 13:01:16.471 +05:30 [INF] Sending HTTP request POST https://generativelanguage.googleapis.com/v1beta/models/text-embedding-004:embedContent?*
2026-05-21 13:01:18.254 +05:30 [INF] Received HTTP response headers after 1781.1284ms - 404
2026-05-21 13:01:18.258 +05:30 [INF] End processing HTTP request after 1790.5821ms - 404
2026-05-21 13:01:18.264 +05:30 [ERR] Gemini embedding error: "NotFound" {
  "error": {
    "code": 404,
    "message": "models/text-embedding-004 is not found for API version v1beta, or is not supported for embedContent. Call ModelService.ListModels to see the list of available models and their supported methods.",
    "status": "NOT_FOUND"
  }
}

2026-05-21 13:01:18.269 +05:30 [INF] Executed handler method OnPostAsk, returned result Microsoft.AspNetCore.Mvc.JsonResult.
2026-05-21 13:01:18.273 +05:30 [INF] Executing JsonResult, writing value of type '<>f__AnonymousType11`1[[System.String, System.Private.CoreLib, Version=10.0.0.0, Culture=neutral, PublicKeyToken=7cec85d7bea7798e]]'.
2026-05-21 13:01:18.284 +05:30 [INF] Executed page /Chat in 1834.2783ms
2026-05-21 13:01:18.292 +05:30 [INF] Executed endpoint '/Chat'
2026-05-21 13:01:18.296 +05:30 [INF] HTTP POST /Chat responded 200 in 1864.6096 ms
2026-05-21 13:01:18.301 +05:30 [INF] Request finished HTTP/1.1 POST http://localhost:5113/Chat?handler=Ask - 200 null application/json; charset=utf-8 1881.2411ms
2026-05-21 13:01:23.455 +05:30 [INF] Request starting HTTP/1.1 GET http://localhost:5113/ - null null
2026-05-21 13:01:23.473 +05:30 [INF] Executing endpoint '/Index'
2026-05-21 13:01:23.478 +05:30 [INF] Route matched with {page = "/Index"}. Executing page /Index
2026-05-21 13:01:23.497 +05:30 [INF] Executing handler method InvoiceProcessingWebApp.Pages.IndexModel.OnGetAsync - ModelState is "Valid"
2026-05-21 13:01:23.506 +05:30 [INF] Executed DbCommand (0ms) [Parameters=[], CommandType='"Text"', CommandTimeout='30']
SELECT "i"."Id", "i"."Amount", "i"."InvoiceDate", "i"."InvoiceNumber", "i"."PurchaseOrderNumber", "i"."Status", "i"."VendorName"
FROM "Invoices" AS "i"
2026-05-21 13:01:23.520 +05:30 [INF] Executed DbCommand (0ms) [Parameters=[@p='?' (Size = 36)], CommandType='"Text"', CommandTimeout='30']
SELECT "a"."Id", "a"."AccessFailedCount", "a"."ConcurrencyStamp", "a"."Email", "a"."EmailConfirmed", "a"."LockoutEnabled", "a"."LockoutEnd", "a"."NormalizedEmail", "a"."NormalizedUserName", "a"."PasswordHash", "a"."PhoneNumber", "a"."PhoneNumberConfirmed", "a"."SecurityStamp", "a"."TwoFactorEnabled", "a"."UserName"
FROM "AspNetUsers" AS "a"
WHERE "a"."Id" = @p
LIMIT 1
2026-05-21 13:01:23.523 +05:30 [INF] Executed handler method OnGetAsync, returned result .
2026-05-21 13:01:23.525 +05:30 [INF] Executing an implicit handler method - ModelState is "Valid"
2026-05-21 13:01:23.528 +05:30 [INF] Executed an implicit handler method, returned result Microsoft.AspNetCore.Mvc.RazorPages.PageResult.
2026-05-21 13:01:23.533 +05:30 [INF] Executed page /Index in 37.0536ms
2026-05-21 13:01:23.536 +05:30 [INF] Executed endpoint '/Index'
2026-05-21 13:01:23.538 +05:30 [INF] HTTP GET / responded 200 in 64.9508 ms
2026-05-21 13:01:23.541 +05:30 [INF] Request finished HTTP/1.1 GET http://localhost:5113/ - 200 null text/html; charset=utf-8 86.1174ms
2026-05-21 13:01:25.153 +05:30 [INF] Request starting HTTP/1.1 GET http://localhost:5113/Invoices/Index - null null
2026-05-21 13:01:25.171 +05:30 [INF] Executing endpoint '/Invoices/Index'
2026-05-21 13:01:25.190 +05:30 [INF] Route matched with {page = "/Invoices/Index"}. Executing page /Invoices/Index
2026-05-21 13:01:25.194 +05:30 [INF] Executing handler method InvoiceProcessingWebApp.Pages.Invoices.IndexModel.OnGet - ModelState is "Valid"
2026-05-21 13:01:25.199 +05:30 [INF] Executed DbCommand (0ms) [Parameters=[], CommandType='"Text"', CommandTimeout='30']
SELECT COUNT(*)
FROM "Invoices" AS "i"
2026-05-21 13:01:25.227 +05:30 [INF] Executed DbCommand (3ms) [Parameters=[@p1='?' (DbType = Int32), @p='?' (DbType = Int32)], CommandType='"Text"', CommandTimeout='30']
SELECT "i"."Id", "i"."Amount", "i"."InvoiceDate", "i"."InvoiceNumber", "i"."PurchaseOrderNumber", "i"."Status", "i"."VendorName"
FROM "Invoices" AS "i"
ORDER BY "i"."InvoiceDate" DESC
LIMIT @p1 OFFSET @p
2026-05-21 13:01:25.231 +05:30 [INF] Executed handler method OnGet, returned result .
2026-05-21 13:01:25.233 +05:30 [INF] Executing an implicit handler method - ModelState is "Valid"
2026-05-21 13:01:25.235 +05:30 [INF] Executed an implicit handler method, returned result Microsoft.AspNetCore.Mvc.RazorPages.PageResult.
2026-05-21 13:01:25.259 +05:30 [INF] Executed page /Invoices/Index in 66.3506ms
2026-05-21 13:01:25.262 +05:30 [INF] Executed endpoint '/Invoices/Index'
2026-05-21 13:01:25.264 +05:30 [INF] HTTP GET /Invoices/Index responded 200 in 93.3328 ms
2026-05-21 13:01:25.269 +05:30 [INF] Request finished HTTP/1.1 GET http://localhost:5113/Invoices/Index - 200 null text/html; charset=utf-8 116.1124ms
2026-05-21 13:01:32.613 +05:30 [INF] Request starting HTTP/1.1 GET http://localhost:5113/Invoices/Index?handler=Export - null null
2026-05-21 13:01:32.619 +05:30 [INF] Executing endpoint '/Invoices/Index'
2026-05-21 13:01:32.622 +05:30 [INF] Route matched with {page = "/Invoices/Index"}. Executing page /Invoices/Index
2026-05-21 13:01:32.627 +05:30 [INF] Executing handler method InvoiceProcessingWebApp.Pages.Invoices.IndexModel.OnGetExport - ModelState is "Valid"
2026-05-21 13:01:32.638 +05:30 [INF] Executed DbCommand (0ms) [Parameters=[], CommandType='"Text"', CommandTimeout='30']
SELECT "i"."Id", "i"."Amount", "i"."InvoiceDate", "i"."InvoiceNumber", "i"."PurchaseOrderNumber", "i"."Status", "i"."VendorName"
FROM "Invoices" AS "i"
ORDER BY "i"."InvoiceDate" DESC
2026-05-21 13:01:32.647 +05:30 [INF] Executed handler method OnGetExport, returned result Microsoft.AspNetCore.Mvc.FileContentResult.
2026-05-21 13:01:32.650 +05:30 [INF] Executing FileContentResult, sending file with download name 'invoices.csv' ...
2026-05-21 13:01:32.659 +05:30 [INF] Executed page /Invoices/Index in 32.3342ms
2026-05-21 13:01:32.662 +05:30 [INF] Executed endpoint '/Invoices/Index'
2026-05-21 13:01:32.664 +05:30 [INF] HTTP GET /Invoices/Index responded 200 in 44.5966 ms
2026-05-21 13:01:32.668 +05:30 [INF] Request finished HTTP/1.1 GET http://localhost:5113/Invoices/Index?handler=Export - 200 106 text/csv 54.9127ms
2026-05-21 13:01:36.956 +05:30 [INF] Request starting HTTP/1.1 GET http://localhost:5113/Privacy - null null
2026-05-21 13:01:36.963 +05:30 [INF] Executing endpoint '/Privacy'
2026-05-21 13:01:36.983 +05:30 [INF] Route matched with {page = "/Privacy"}. Executing page /Privacy
2026-05-21 13:01:36.985 +05:30 [INF] Executing handler method InvoiceProcessingWebApp.Pages.PrivacyModel.OnGet - ModelState is "Valid"
2026-05-21 13:01:36.988 +05:30 [INF] Executed handler method OnGet, returned result .
2026-05-21 13:01:36.994 +05:30 [INF] Executing an implicit handler method - ModelState is "Valid"
2026-05-21 13:01:36.995 +05:30 [INF] Executed an implicit handler method, returned result Microsoft.AspNetCore.Mvc.RazorPages.PageResult.
2026-05-21 13:01:37.011 +05:30 [INF] Executed page /Privacy in 26.1972ms
2026-05-21 13:01:37.016 +05:30 [INF] Executed endpoint '/Privacy'
2026-05-21 13:01:37.018 +05:30 [INF] HTTP GET /Privacy responded 200 in 55.0592 ms
2026-05-21 13:01:37.048 +05:30 [INF] Request finished HTTP/1.1 GET http://localhost:5113/Privacy - 200 null text/html; charset=utf-8 91.4603ms
2026-05-21 13:01:44.303 +05:30 [INF] Request starting HTTP/1.1 POST http://localhost:5113/Account/Logout - application/x-www-form-urlencoded 225
2026-05-21 13:01:44.314 +05:30 [INF] Executing endpoint '/Account/Logout'
2026-05-21 13:01:44.355 +05:30 [INF] Route matched with {page = "/Account/Logout"}. Executing page /Account/Logout
2026-05-21 13:01:44.361 +05:30 [INF] Executing handler method InvoiceProcessingWebApp.Pages.Account.LogoutModel.OnPostAsync - ModelState is "Valid"
2026-05-21 13:01:44.371 +05:30 [INF] AuthenticationScheme: Identity.Application signed out.
2026-05-21 13:01:44.374 +05:30 [INF] AuthenticationScheme: Identity.External signed out.
2026-05-21 13:01:44.376 +05:30 [INF] AuthenticationScheme: Identity.TwoFactorUserId signed out.
2026-05-21 13:01:44.378 +05:30 [INF] User logged out
2026-05-21 13:01:44.380 +05:30 [INF] Executed handler method OnPostAsync, returned result Microsoft.AspNetCore.Mvc.RedirectToPageResult.
2026-05-21 13:01:44.382 +05:30 [INF] Executing RedirectToPageResult, redirecting to /Account/Login.
2026-05-21 13:01:44.387 +05:30 [INF] Executed page /Account/Logout in 29.9287ms
2026-05-21 13:01:44.389 +05:30 [INF] Executed endpoint '/Account/Logout'
2026-05-21 13:01:44.391 +05:30 [INF] HTTP POST /Account/Logout responded 302 in 77.0279 ms
2026-05-21 13:01:44.394 +05:30 [INF] Request finished HTTP/1.1 POST http://localhost:5113/Account/Logout - 302 0 null 90.9831ms
2026-05-21 13:01:44.402 +05:30 [INF] Request starting HTTP/1.1 GET http://localhost:5113/Account/Login - null null
2026-05-21 13:01:44.409 +05:30 [INF] Executing endpoint '/Account/Login'
2026-05-21 13:01:44.427 +05:30 [INF] Route matched with {page = "/Account/Login"}. Executing page /Account/Login
2026-05-21 13:01:44.431 +05:30 [INF] Executing handler method InvoiceProcessingWebApp.Pages.Account.LoginModel.OnGet - ModelState is "Valid"
2026-05-21 13:01:44.433 +05:30 [INF] Executed handler method OnGet, returned result .
2026-05-21 13:01:44.435 +05:30 [INF] Executing an implicit handler method - ModelState is "Valid"
2026-05-21 13:01:44.437 +05:30 [INF] Executed an implicit handler method, returned result Microsoft.AspNetCore.Mvc.RazorPages.PageResult.
2026-05-21 13:01:44.498 +05:30 [INF] Executed page /Account/Login in 68.7037ms
2026-05-21 13:01:44.500 +05:30 [INF] Executed endpoint '/Account/Login'
2026-05-21 13:01:44.503 +05:30 [INF] HTTP GET /Account/Login responded 200 in 93.5738 ms
2026-05-21 13:01:44.506 +05:30 [INF] Request finished HTTP/1.1 GET http://localhost:5113/Account/Login - 200 null text/html; charset=utf-8 104.227ms
2026-05-21 13:01:55.924 +05:30 [INF] Request starting HTTP/1.1 POST http://localhost:5113/Account/Login - application/x-www-form-urlencoded 273
2026-05-21 13:01:55.928 +05:30 [INF] Executing endpoint '/Account/Login'
2026-05-21 13:01:55.930 +05:30 [INF] Route matched with {page = "/Account/Login"}. Executing page /Account/Login
2026-05-21 13:01:55.961 +05:30 [INF] Executing handler method InvoiceProcessingWebApp.Pages.Account.LoginModel.OnPostAsync - ModelState is "Valid"
2026-05-21 13:01:55.996 +05:30 [INF] Executed DbCommand (0ms) [Parameters=[@normalizedUserName='?' (Size = 23)], CommandType='"Text"', CommandTimeout='30']
SELECT "a"."Id", "a"."AccessFailedCount", "a"."ConcurrencyStamp", "a"."Email", "a"."EmailConfirmed", "a"."LockoutEnabled", "a"."LockoutEnd", "a"."NormalizedEmail", "a"."NormalizedUserName", "a"."PasswordHash", "a"."PhoneNumber", "a"."PhoneNumberConfirmed", "a"."SecurityStamp", "a"."TwoFactorEnabled", "a"."UserName"
FROM "AspNetUsers" AS "a"
WHERE "a"."NormalizedUserName" = @normalizedUserName
LIMIT 1
2026-05-21 13:01:56.127 +05:30 [INF] Executed DbCommand (0ms) [Parameters=[@normalizedUserName='?' (Size = 23)], CommandType='"Text"', CommandTimeout='30']
SELECT "a"."Id", "a"."AccessFailedCount", "a"."ConcurrencyStamp", "a"."Email", "a"."EmailConfirmed", "a"."LockoutEnabled", "a"."LockoutEnd", "a"."NormalizedEmail", "a"."NormalizedUserName", "a"."PasswordHash", "a"."PhoneNumber", "a"."PhoneNumberConfirmed", "a"."SecurityStamp", "a"."TwoFactorEnabled", "a"."UserName"
FROM "AspNetUsers" AS "a"
WHERE "a"."NormalizedUserName" = @normalizedUserName
LIMIT 1
2026-05-21 13:01:56.145 +05:30 [INF] Executed DbCommand (0ms) [Parameters=[@normalizedEmail='?' (Size = 23)], CommandType='"Text"', CommandTimeout='30']
SELECT "a"."Id", "a"."AccessFailedCount", "a"."ConcurrencyStamp", "a"."Email", "a"."EmailConfirmed", "a"."LockoutEnabled", "a"."LockoutEnd", "a"."NormalizedEmail", "a"."NormalizedUserName", "a"."PasswordHash", "a"."PhoneNumber", "a"."PhoneNumberConfirmed", "a"."SecurityStamp", "a"."TwoFactorEnabled", "a"."UserName"
FROM "AspNetUsers" AS "a"
WHERE "a"."NormalizedEmail" = @normalizedEmail
LIMIT 2
2026-05-21 13:01:56.275 +05:30 [INF] Executed DbCommand (1ms) [Parameters=[@p14='?' (Size = 36), @p0='?' (DbType = Int32), @p1='?' (Size = 36), @p15='?' (Size = 36), @p2='?' (Size = 23), @p3='?' (DbType = Boolean), @p4='?' (DbType = Boolean), @p5='?' (DbType = DateTimeOffset), @p6='?' (Size = 23), @p7='?' (Size = 23), @p8='?' (Size = 84), @p9='?', @p10='?' (DbType = Boolean), @p11='?' (Size = 32), @p12='?' (DbType = Boolean), @p13='?' (Size = 23)], CommandType='"Text"', CommandTimeout='30']
UPDATE "AspNetUsers" SET "AccessFailedCount" = @p0, "ConcurrencyStamp" = @p1, "Email" = @p2, "EmailConfirmed" = @p3, "LockoutEnabled" = @p4, "LockoutEnd" = @p5, "NormalizedEmail" = @p6, "NormalizedUserName" = @p7, "PasswordHash" = @p8, "PhoneNumber" = @p9, "PhoneNumberConfirmed" = @p10, "SecurityStamp" = @p11, "TwoFactorEnabled" = @p12, "UserName" = @p13
WHERE "Id" = @p14 AND "ConcurrencyStamp" = @p15
RETURNING 1;
2026-05-21 13:01:56.340 +05:30 [INF] Executed handler method OnPostAsync, returned result Microsoft.AspNetCore.Mvc.RazorPages.PageResult.
2026-05-21 13:01:56.352 +05:30 [INF] Executed page /Account/Login in 416.1397ms
2026-05-21 13:01:56.358 +05:30 [INF] Executed endpoint '/Account/Login'
2026-05-21 13:01:56.363 +05:30 [INF] HTTP POST /Account/Login responded 200 in 435.2338 ms
2026-05-21 13:01:56.376 +05:30 [INF] Request finished HTTP/1.1 POST http://localhost:5113/Account/Login - 200 null text/html; charset=utf-8 452.2745ms
2026-05-21 13:02:05.575 +05:30 [INF] Request starting HTTP/1.1 POST http://localhost:5113/Account/Login - application/x-www-form-urlencoded 272
2026-05-21 13:02:05.593 +05:30 [INF] Executing endpoint '/Account/Login'
2026-05-21 13:02:05.618 +05:30 [INF] Route matched with {page = "/Account/Login"}. Executing page /Account/Login
2026-05-21 13:02:05.624 +05:30 [INF] Executing handler method InvoiceProcessingWebApp.Pages.Account.LoginModel.OnPostAsync - ModelState is "Valid"
2026-05-21 13:02:05.630 +05:30 [INF] Executed DbCommand (1ms) [Parameters=[@normalizedUserName='?' (Size = 23)], CommandType='"Text"', CommandTimeout='30']
SELECT "a"."Id", "a"."AccessFailedCount", "a"."ConcurrencyStamp", "a"."Email", "a"."EmailConfirmed", "a"."LockoutEnabled", "a"."LockoutEnd", "a"."NormalizedEmail", "a"."NormalizedUserName", "a"."PasswordHash", "a"."PhoneNumber", "a"."PhoneNumberConfirmed", "a"."SecurityStamp", "a"."TwoFactorEnabled", "a"."UserName"
FROM "AspNetUsers" AS "a"
WHERE "a"."NormalizedUserName" = @normalizedUserName
LIMIT 1
2026-05-21 13:02:05.746 +05:30 [INF] Executed DbCommand (0ms) [Parameters=[@normalizedUserName='?' (Size = 23)], CommandType='"Text"', CommandTimeout='30']
SELECT "a"."Id", "a"."AccessFailedCount", "a"."ConcurrencyStamp", "a"."Email", "a"."EmailConfirmed", "a"."LockoutEnabled", "a"."LockoutEnd", "a"."NormalizedEmail", "a"."NormalizedUserName", "a"."PasswordHash", "a"."PhoneNumber", "a"."PhoneNumberConfirmed", "a"."SecurityStamp", "a"."TwoFactorEnabled", "a"."UserName"
FROM "AspNetUsers" AS "a"
WHERE "a"."NormalizedUserName" = @normalizedUserName
LIMIT 1
2026-05-21 13:02:05.751 +05:30 [INF] Executed DbCommand (0ms) [Parameters=[@normalizedEmail='?' (Size = 23)], CommandType='"Text"', CommandTimeout='30']
SELECT "a"."Id", "a"."AccessFailedCount", "a"."ConcurrencyStamp", "a"."Email", "a"."EmailConfirmed", "a"."LockoutEnabled", "a"."LockoutEnd", "a"."NormalizedEmail", "a"."NormalizedUserName", "a"."PasswordHash", "a"."PhoneNumber", "a"."PhoneNumberConfirmed", "a"."SecurityStamp", "a"."TwoFactorEnabled", "a"."UserName"
FROM "AspNetUsers" AS "a"
WHERE "a"."NormalizedEmail" = @normalizedEmail
LIMIT 2
2026-05-21 13:02:05.757 +05:30 [INF] Executed DbCommand (0ms) [Parameters=[@p14='?' (Size = 36), @p0='?' (DbType = Int32), @p1='?' (Size = 36), @p15='?' (Size = 36), @p2='?' (Size = 23), @p3='?' (DbType = Boolean), @p4='?' (DbType = Boolean), @p5='?' (DbType = DateTimeOffset), @p6='?' (Size = 23), @p7='?' (Size = 23), @p8='?' (Size = 84), @p9='?', @p10='?' (DbType = Boolean), @p11='?' (Size = 32), @p12='?' (DbType = Boolean), @p13='?' (Size = 23)], CommandType='"Text"', CommandTimeout='30']
UPDATE "AspNetUsers" SET "AccessFailedCount" = @p0, "ConcurrencyStamp" = @p1, "Email" = @p2, "EmailConfirmed" = @p3, "LockoutEnabled" = @p4, "LockoutEnd" = @p5, "NormalizedEmail" = @p6, "NormalizedUserName" = @p7, "PasswordHash" = @p8, "PhoneNumber" = @p9, "PhoneNumberConfirmed" = @p10, "SecurityStamp" = @p11, "TwoFactorEnabled" = @p12, "UserName" = @p13
WHERE "Id" = @p14 AND "ConcurrencyStamp" = @p15
RETURNING 1;
2026-05-21 13:02:05.842 +05:30 [INF] Executed DbCommand (0ms) [Parameters=[@user_Id='?' (Size = 36)], CommandType='"Text"', CommandTimeout='30']
SELECT "a"."Id", "a"."ClaimType", "a"."ClaimValue", "a"."UserId"
FROM "AspNetUserClaims" AS "a"
WHERE "a"."UserId" = @user_Id
2026-05-21 13:02:05.870 +05:30 [INF] Executed DbCommand (0ms) [Parameters=[@userId='?' (Size = 36)], CommandType='"Text"', CommandTimeout='30']
SELECT "a0"."Name"
FROM "AspNetUserRoles" AS "a"
INNER JOIN "AspNetRoles" AS "a0" ON "a"."RoleId" = "a0"."Id"
WHERE "a"."UserId" = @userId
2026-05-21 13:02:05.876 +05:30 [INF] AuthenticationScheme: Identity.Application signed in.
2026-05-21 13:02:05.881 +05:30 [INF] User salonidubey97@gmail.com logged in
2026-05-21 13:02:05.882 +05:30 [INF] Executed handler method OnPostAsync, returned result Microsoft.AspNetCore.Mvc.LocalRedirectResult.
2026-05-21 13:02:05.885 +05:30 [INF] Executing LocalRedirectResult, redirecting to /.
2026-05-21 13:02:05.887 +05:30 [INF] Executed page /Account/Login in 264.0249ms
2026-05-21 13:02:05.889 +05:30 [INF] Executed endpoint '/Account/Login'
2026-05-21 13:02:05.890 +05:30 [INF] HTTP POST /Account/Login responded 302 in 297.0461 ms
2026-05-21 13:02:05.893 +05:30 [INF] Request finished HTTP/1.1 POST http://localhost:5113/Account/Login - 302 0 null 318.595ms
2026-05-21 13:02:05.901 +05:30 [INF] Request starting HTTP/1.1 GET http://localhost:5113/ - null null
2026-05-21 13:02:05.907 +05:30 [INF] Executing endpoint '/Index'
2026-05-21 13:02:05.909 +05:30 [INF] Route matched with {page = "/Index"}. Executing page /Index
2026-05-21 13:02:05.912 +05:30 [INF] Executing handler method InvoiceProcessingWebApp.Pages.IndexModel.OnGetAsync - ModelState is "Valid"
2026-05-21 13:02:05.914 +05:30 [INF] Executed DbCommand (0ms) [Parameters=[], CommandType='"Text"', CommandTimeout='30']
SELECT "i"."Id", "i"."Amount", "i"."InvoiceDate", "i"."InvoiceNumber", "i"."PurchaseOrderNumber", "i"."Status", "i"."VendorName"
FROM "Invoices" AS "i"
2026-05-21 13:02:05.918 +05:30 [INF] Executed DbCommand (0ms) [Parameters=[@p='?' (Size = 36)], CommandType='"Text"', CommandTimeout='30']
SELECT "a"."Id", "a"."AccessFailedCount", "a"."ConcurrencyStamp", "a"."Email", "a"."EmailConfirmed", "a"."LockoutEnabled", "a"."LockoutEnd", "a"."NormalizedEmail", "a"."NormalizedUserName", "a"."PasswordHash", "a"."PhoneNumber", "a"."PhoneNumberConfirmed", "a"."SecurityStamp", "a"."TwoFactorEnabled", "a"."UserName"
FROM "AspNetUsers" AS "a"
WHERE "a"."Id" = @p
LIMIT 1
2026-05-21 13:02:05.923 +05:30 [INF] Executed handler method OnGetAsync, returned result .
2026-05-21 13:02:05.925 +05:30 [INF] Executing an implicit handler method - ModelState is "Valid"
2026-05-21 13:02:05.926 +05:30 [INF] Executed an implicit handler method, returned result Microsoft.AspNetCore.Mvc.RazorPages.PageResult.
2026-05-21 13:02:05.931 +05:30 [INF] Executed page /Index in 19.2577ms
2026-05-21 13:02:05.933 +05:30 [INF] Executed endpoint '/Index'
2026-05-21 13:02:05.938 +05:30 [INF] HTTP GET / responded 200 in 30.8453 ms
2026-05-21 13:02:05.942 +05:30 [INF] Request finished HTTP/1.1 GET http://localhost:5113/ - 200 null text/html; charset=utf-8 40.6717ms
2026-05-21 13:02:13.076 +05:30 [INF] Request starting HTTP/1.1 GET http://localhost:5113/Invoices/Index - null null
2026-05-21 13:02:13.082 +05:30 [INF] Executing endpoint '/Invoices/Index'
2026-05-21 13:02:13.084 +05:30 [INF] Route matched with {page = "/Invoices/Index"}. Executing page /Invoices/Index
2026-05-21 13:02:13.087 +05:30 [INF] Executing handler method InvoiceProcessingWebApp.Pages.Invoices.IndexModel.OnGet - ModelState is "Valid"
2026-05-21 13:02:13.094 +05:30 [INF] Executed DbCommand (0ms) [Parameters=[], CommandType='"Text"', CommandTimeout='30']
SELECT COUNT(*)
FROM "Invoices" AS "i"
2026-05-21 13:02:13.100 +05:30 [INF] Executed DbCommand (0ms) [Parameters=[@p1='?' (DbType = Int32), @p='?' (DbType = Int32)], CommandType='"Text"', CommandTimeout='30']
SELECT "i"."Id", "i"."Amount", "i"."InvoiceDate", "i"."InvoiceNumber", "i"."PurchaseOrderNumber", "i"."Status", "i"."VendorName"
FROM "Invoices" AS "i"
ORDER BY "i"."InvoiceDate" DESC
LIMIT @p1 OFFSET @p
2026-05-21 13:02:13.107 +05:30 [INF] Executed handler method OnGet, returned result .
2026-05-21 13:02:13.117 +05:30 [INF] Executing an implicit handler method - ModelState is "Valid"
2026-05-21 13:02:13.120 +05:30 [INF] Executed an implicit handler method, returned result Microsoft.AspNetCore.Mvc.RazorPages.PageResult.
2026-05-21 13:02:13.136 +05:30 [INF] Executed page /Invoices/Index in 49.0803ms
2026-05-21 13:02:13.271 +05:30 [INF] Executed endpoint '/Invoices/Index'
2026-05-21 13:02:13.282 +05:30 [INF] HTTP GET /Invoices/Index responded 200 in 200.7176 ms
2026-05-21 13:02:13.286 +05:30 [INF] Request finished HTTP/1.1 GET http://localhost:5113/Invoices/Index - 200 null text/html; charset=utf-8 210.3278ms
2026-05-21 13:02:14.868 +05:30 [INF] Request starting HTTP/1.1 GET http://localhost:5113/Invoices/Upload - null null
2026-05-21 13:02:14.874 +05:30 [INF] Executing endpoint '/Invoices/Upload'
2026-05-21 13:02:14.893 +05:30 [INF] Route matched with {page = "/Invoices/Upload"}. Executing page /Invoices/Upload
2026-05-21 13:02:14.896 +05:30 [INF] Executing an implicit handler method - ModelState is "Valid"
2026-05-21 13:02:14.898 +05:30 [INF] Executed an implicit handler method, returned result Microsoft.AspNetCore.Mvc.RazorPages.PageResult.
2026-05-21 13:02:14.914 +05:30 [INF] Executed page /Invoices/Upload in 18.4684ms
2026-05-21 13:02:14.917 +05:30 [INF] Executed endpoint '/Invoices/Upload'
2026-05-21 13:02:14.918 +05:30 [INF] HTTP GET /Invoices/Upload responded 200 in 44.1323 ms
2026-05-21 13:02:14.929 +05:30 [INF] Request finished HTTP/1.1 GET http://localhost:5113/Invoices/Upload - 200 null text/html; charset=utf-8 61.3813ms
2026-05-21 13:02:16.047 +05:30 [INF] Request starting HTTP/1.1 GET http://localhost:5113/Invoices/Create - null null
2026-05-21 13:02:16.051 +05:30 [INF] Executing endpoint '/Invoices/Create'
2026-05-21 13:02:16.070 +05:30 [INF] Route matched with {page = "/Invoices/Create"}. Executing page /Invoices/Create
2026-05-21 13:02:16.072 +05:30 [INF] Executing handler method InvoiceProcessingWebApp.Pages.Invoices.CreateModel.OnGet - ModelState is "Valid"
2026-05-21 13:02:16.075 +05:30 [INF] Executed handler method OnGet, returned result .
2026-05-21 13:02:16.078 +05:30 [INF] Executing an implicit handler method - ModelState is "Valid"
2026-05-21 13:02:16.079 +05:30 [INF] Executed an implicit handler method, returned result Microsoft.AspNetCore.Mvc.RazorPages.PageResult.
2026-05-21 13:02:16.137 +05:30 [INF] Executed page /Invoices/Create in 65.7904ms
2026-05-21 13:02:16.142 +05:30 [INF] Executed endpoint '/Invoices/Create'
2026-05-21 13:02:16.144 +05:30 [INF] HTTP GET /Invoices/Create responded 200 in 92.5269 ms
2026-05-21 13:02:16.147 +05:30 [INF] Request finished HTTP/1.1 GET http://localhost:5113/Invoices/Create - 200 null text/html; charset=utf-8 100.0053ms
2026-05-21 13:02:18.997 +05:30 [INF] Request starting HTTP/1.1 GET http://localhost:5113/Invoices/Analytics - null null
2026-05-21 13:02:19.012 +05:30 [INF] Executing endpoint '/Invoices/Analytics'
2026-05-21 13:02:19.052 +05:30 [INF] Route matched with {page = "/Invoices/Analytics"}. Executing page /Invoices/Analytics
2026-05-21 13:02:19.062 +05:30 [INF] Executing handler method InvoiceProcessingWebApp.Pages.Invoices.AnalyticsModel.OnGet - ModelState is "Invalid"
2026-05-21 13:02:19.069 +05:30 [WRN] The query uses a row limiting operator ('Skip'/'Take') without an 'OrderBy' operator. This may lead to unpredictable results. If the 'Distinct' operator is used after 'OrderBy', then make sure to use the 'OrderBy' operator after 'Distinct' as the ordering would otherwise get erased.
2026-05-21 13:02:19.070 +05:30 [WRN] The query uses a row limiting operator ('Skip'/'Take') without an 'OrderBy' operator. This may lead to unpredictable results. If the 'Distinct' operator is used after 'OrderBy', then make sure to use the 'OrderBy' operator after 'Distinct' as the ordering would otherwise get erased.
2026-05-21 13:02:19.079 +05:30 [INF] Executed DbCommand (0ms) [Parameters=[@p1='?' (DbType = Int32), @p='?' (DbType = Int32)], CommandType='"Text"', CommandTimeout='30']
SELECT "i"."Id", "i"."Amount", "i"."InvoiceDate", "i"."InvoiceNumber", "i"."PurchaseOrderNumber", "i"."Status", "i"."VendorName"
FROM "Invoices" AS "i"
LIMIT @p1 OFFSET @p
2026-05-21 13:02:19.094 +05:30 [INF] Executed handler method OnGet, returned result .
2026-05-21 13:02:19.096 +05:30 [INF] Executing an implicit handler method - ModelState is "Invalid"
2026-05-21 13:02:19.097 +05:30 [INF] Executed an implicit handler method, returned result Microsoft.AspNetCore.Mvc.RazorPages.PageResult.
2026-05-21 13:02:19.119 +05:30 [INF] Executed page /Invoices/Analytics in 65.091ms
2026-05-21 13:02:19.121 +05:30 [INF] Executed endpoint '/Invoices/Analytics'
2026-05-21 13:02:19.124 +05:30 [INF] HTTP GET /Invoices/Analytics responded 200 in 111.8975 ms
2026-05-21 13:02:19.128 +05:30 [INF] Request finished HTTP/1.1 GET http://localhost:5113/Invoices/Analytics - 200 null text/html; charset=utf-8 131.3732ms
2026-05-21 13:08:02.664 +05:30 [INF] Application is shutting down...
